frame,timestamp_s,phase_idx,phase
0,0.26693333333333336,5,Labral Mobilization
1,0.8008000000000001,5,Labral Mobilization
2,1.3346666666666667,5,Labral Mobilization
3,1.8685333333333336,5,Labral Mobilization
4,2.4024,5,Labral Mobilization
5,2.9362666666666666,3,Glenoid Preparation
6,3.4701333333333335,3,Glenoid Preparation
7,4.0040000000000004,3,Glenoid Preparation
8,4.537866666666667,3,Glenoid Preparation
9,5.071733333333333,3,Glenoid Preparation
10,5.6056,3,Glenoid Preparation
11,6.139466666666667,3,Glenoid Preparation
12,6.673333333333334,0,Anchor Placement
13,7.2072,0,Anchor Placement
14,7.741066666666668,0,Anchor Placement
15,8.274933333333335,0,Anchor Placement
16,8.808800000000002,0,Anchor Placement
17,9.342666666666668,0,Anchor Placement
18,9.876533333333334,0,Anchor Placement
19,10.410400000000001,0,Anchor Placement
20,10.944266666666667,0,Anchor Placement
21,11.478133333333336,0,Anchor Placement
22,12.012000000000002,0,Anchor Placement
23,12.545866666666669,0,Anchor Placement
24,13.079733333333335,0,Anchor Placement
25,13.613600000000002,0,Anchor Placement
26,14.147466666666668,0,Anchor Placement
27,14.681333333333335,0,Anchor Placement
28,15.215200000000003,0,Anchor Placement
29,15.74906666666667,0,Anchor Placement
30,16.282933333333336,0,Anchor Placement
31,16.8168,0,Anchor Placement
32,17.35066666666667,0,Anchor Placement
33,17.884533333333337,0,Anchor Placement
34,18.418400000000002,0,Anchor Placement
35,18.95226666666667,0,Anchor Placement
36,19.486133333333335,0,Anchor Placement
37,20.020000000000003,0,Anchor Placement
38,20.553866666666668,0,Anchor Placement
39,21.087733333333336,0,Anchor Placement
40,21.6216,0,Anchor Placement
41,22.15546666666667,0,Anchor Placement
42,22.689333333333337,0,Anchor Placement
43,23.223200000000002,0,Anchor Placement
44,23.75706666666667,0,Anchor Placement
45,24.290933333333335,0,Anchor Placement
46,24.824800000000003,0,Anchor Placement
47,25.358666666666668,0,Anchor Placement
48,25.892533333333336,0,Anchor Placement
49,26.426400000000005,6,Portal Placement
50,26.96026666666667,6,Portal Placement
51,27.494133333333338,6,Portal Placement
52,28.028000000000002,6,Portal Placement
53,28.56186666666667,6,Portal Placement
54,29.095733333333335,6,Portal Placement
55,29.629600000000003,6,Portal Placement
56,30.16346666666667,6,Portal Placement
57,30.697333333333336,6,Portal Placement
58,31.231200000000005,6,Portal Placement
59,31.76506666666667,6,Portal Placement
60,32.29893333333334,6,Portal Placement
61,32.832800000000006,6,Portal Placement
62,33.36666666666667,6,Portal Placement
63,33.900533333333335,6,Portal Placement
64,34.434400000000004,6,Portal Placement
65,34.96826666666667,6,Portal Placement
66,35.50213333333334,6,Portal Placement
67,36.036,6,Portal Placement
68,36.56986666666667,6,Portal Placement
69,37.10373333333334,6,Portal Placement
70,37.637600000000006,6,Portal Placement
71,38.17146666666667,6,Portal Placement
72,38.705333333333336,6,Portal Placement
73,39.239200000000004,6,Portal Placement
74,39.77306666666667,6,Portal Placement
75,40.30693333333334,6,Portal Placement
76,40.8408,6,Portal Placement
77,41.37466666666667,6,Portal Placement
78,41.90853333333334,6,Portal Placement
79,42.442400000000006,6,Portal Placement
80,42.97626666666667,6,Portal Placement
81,43.510133333333336,6,Portal Placement
82,44.044000000000004,6,Portal Placement
83,44.57786666666667,6,Portal Placement
84,45.11173333333334,6,Portal Placement
85,45.6456,6,Portal Placement
86,46.17946666666667,6,Portal Placement
87,46.71333333333334,6,Portal Placement
88,47.24720000000001,6,Portal Placement
89,47.781066666666675,6,Portal Placement
90,48.314933333333336,6,Portal Placement
91,48.848800000000004,6,Portal Placement
92,49.38266666666667,6,Portal Placement
93,49.91653333333334,6,Portal Placement
94,50.4504,6,Portal Placement
95,50.98426666666667,6,Portal Placement
96,51.51813333333334,6,Portal Placement
97,52.05200000000001,6,Portal Placement
98,52.585866666666675,6,Portal Placement
99,53.119733333333336,5,Labral Mobilization
100,53.653600000000004,5,Labral Mobilization
101,54.18746666666667,5,Labral Mobilization
102,54.72133333333334,5,Labral Mobilization
103,55.2552,5,Labral Mobilization
104,55.78906666666667,5,Labral Mobilization
105,56.32293333333334,5,Labral Mobilization
106,56.85680000000001,5,Labral Mobilization
107,57.390666666666675,5,Labral Mobilization
108,57.924533333333336,5,Labral Mobilization
109,58.458400000000005,5,Labral Mobilization
110,58.99226666666667,5,Labral Mobilization
111,59.52613333333334,5,Labral Mobilization
112,60.06000000000001,5,Labral Mobilization
113,60.59386666666667,6,Portal Placement
114,61.12773333333334,6,Portal Placement
115,61.66160000000001,6,Portal Placement
116,62.195466666666675,6,Portal Placement
117,62.72933333333334,6,Portal Placement
118,63.263200000000005,6,Portal Placement
119,63.79706666666667,6,Portal Placement
120,64.33093333333333,6,Portal Placement
121,64.8648,6,Portal Placement
122,65.39866666666667,6,Portal Placement
123,65.93253333333334,6,Portal Placement
124,66.4664,6,Portal Placement
125,67.00026666666666,6,Portal Placement
126,67.53413333333333,6,Portal Placement
127,68.068,6,Portal Placement
128,68.60186666666667,6,Portal Placement
129,69.13573333333333,6,Portal Placement
130,69.6696,6,Portal Placement
131,70.20346666666667,6,Portal Placement
132,70.73733333333334,6,Portal Placement
133,71.2712,6,Portal Placement
134,71.80506666666666,6,Portal Placement
135,72.33893333333333,6,Portal Placement
136,72.8728,6,Portal Placement
137,73.40666666666667,6,Portal Placement
138,73.94053333333333,6,Portal Placement
139,74.4744,6,Portal Placement
140,75.00826666666667,6,Portal Placement
141,75.54213333333334,6,Portal Placement
142,76.076,6,Portal Placement
143,76.60986666666666,6,Portal Placement
144,77.14373333333333,6,Portal Placement
145,77.6776,6,Portal Placement
146,78.21146666666667,6,Portal Placement
147,78.74533333333333,6,Portal Placement
148,79.2792,6,Portal Placement
149,79.81306666666667,6,Portal Placement
150,80.34693333333334,6,Portal Placement
151,80.8808,6,Portal Placement
152,81.41466666666666,6,Portal Placement
153,81.94853333333333,6,Portal Placement
154,82.4824,6,Portal Placement
155,83.01626666666667,6,Portal Placement
156,83.55013333333333,6,Portal Placement
157,84.084,6,Portal Placement
158,84.61786666666667,6,Portal Placement
159,85.15173333333334,6,Portal Placement
160,85.6856,6,Portal Placement
161,86.21946666666666,6,Portal Placement
162,86.75333333333333,6,Portal Placement
163,87.2872,6,Portal Placement
164,87.82106666666667,6,Portal Placement
165,88.35493333333334,6,Portal Placement
166,88.8888,6,Portal Placement
167,89.42266666666667,6,Portal Placement
168,89.95653333333334,6,Portal Placement
169,90.49040000000001,6,Portal Placement
170,91.02426666666666,6,Portal Placement
171,91.55813333333333,6,Portal Placement
172,92.092,6,Portal Placement
173,92.62586666666667,6,Portal Placement
174,93.15973333333334,6,Portal Placement
175,93.6936,6,Portal Placement
176,94.22746666666667,6,Portal Placement
177,94.76133333333334,6,Portal Placement
178,95.29520000000001,6,Portal Placement
179,95.82906666666666,6,Portal Placement
180,96.36293333333333,6,Portal Placement
181,96.8968,6,Portal Placement
182,97.43066666666667,6,Portal Placement
183,97.96453333333334,6,Portal Placement
184,98.4984,6,Portal Placement
185,99.03226666666667,6,Portal Placement
186,99.56613333333334,6,Portal Placement
187,100.10000000000001,6,Portal Placement
188,100.63386666666666,6,Portal Placement
189,101.16773333333333,6,Portal Placement
190,101.7016,6,Portal Placement
191,102.23546666666667,6,Portal Placement
192,102.76933333333334,6,Portal Placement
193,103.3032,6,Portal Placement
194,103.83706666666667,6,Portal Placement
195,104.37093333333334,6,Portal Placement
196,104.90480000000001,6,Portal Placement
197,105.43866666666666,6,Portal Placement
198,105.97253333333333,6,Portal Placement
199,106.5064,6,Portal Placement
200,107.04026666666667,6,Portal Placement
201,107.57413333333334,6,Portal Placement
202,108.108,6,Portal Placement
203,108.64186666666667,6,Portal Placement
204,109.17573333333334,6,Portal Placement
205,109.70960000000001,6,Portal Placement
206,110.24346666666666,6,Portal Placement
207,110.77733333333333,6,Portal Placement
208,111.3112,6,Portal Placement
209,111.84506666666667,6,Portal Placement
210,112.37893333333334,6,Portal Placement
211,112.9128,6,Portal Placement
212,113.44666666666667,6,Portal Placement
213,113.98053333333334,6,Portal Placement
214,114.51440000000001,6,Portal Placement
215,115.04826666666666,6,Portal Placement
216,115.58213333333333,6,Portal Placement
217,116.116,6,Portal Placement
218,116.64986666666667,6,Portal Placement
219,117.18373333333334,6,Portal Placement
220,117.7176,6,Portal Placement
221,118.25146666666667,6,Portal Placement
222,118.78533333333334,6,Portal Placement
223,119.31920000000001,6,Portal Placement
224,119.85306666666668,6,Portal Placement
225,120.38693333333333,6,Portal Placement
226,120.9208,6,Portal Placement
227,121.45466666666667,6,Portal Placement
228,121.98853333333334,6,Portal Placement
229,122.5224,6,Portal Placement
230,123.05626666666667,6,Portal Placement
231,123.59013333333334,6,Portal Placement
232,124.12400000000001,6,Portal Placement
233,124.65786666666668,6,Portal Placement
234,125.19173333333333,6,Portal Placement
235,125.7256,6,Portal Placement
236,126.25946666666667,6,Portal Placement
237,126.79333333333334,6,Portal Placement
238,127.3272,6,Portal Placement
239,127.86106666666667,6,Portal Placement
240,128.39493333333334,6,Portal Placement
241,128.9288,6,Portal Placement
242,129.46266666666668,6,Portal Placement
243,129.99653333333333,6,Portal Placement
244,130.53040000000001,6,Portal Placement
245,131.06426666666667,6,Portal Placement
246,131.59813333333335,6,Portal Placement
247,132.132,6,Portal Placement
248,132.66586666666666,6,Portal Placement
249,133.19973333333334,6,Portal Placement
250,133.7336,6,Portal Placement
251,134.26746666666668,6,Portal Placement
252,134.80133333333333,6,Portal Placement
253,135.33520000000001,6,Portal Placement
254,135.86906666666667,6,Portal Placement
255,136.40293333333335,6,Portal Placement
256,136.9368,6,Portal Placement
257,137.47066666666666,6,Portal Placement
258,138.00453333333334,6,Portal Placement
259,138.5384,6,Portal Placement
260,139.07226666666668,6,Portal Placement
261,139.60613333333333,6,Portal Placement
262,140.14000000000001,6,Portal Placement
263,140.67386666666667,6,Portal Placement
264,141.20773333333335,6,Portal Placement
265,141.7416,6,Portal Placement
266,142.27546666666666,6,Portal Placement
267,142.80933333333334,6,Portal Placement
268,143.3432,6,Portal Placement
269,143.87706666666668,6,Portal Placement
270,144.41093333333333,6,Portal Placement
271,144.94480000000001,6,Portal Placement
272,145.47866666666667,6,Portal Placement
273,146.01253333333335,6,Portal Placement
274,146.5464,6,Portal Placement
275,147.08026666666666,6,Portal Placement
276,147.61413333333334,6,Portal Placement
277,148.148,6,Portal Placement
278,148.68186666666668,6,Portal Placement
279,149.21573333333333,6,Portal Placement
280,149.74960000000002,6,Portal Placement
281,150.28346666666667,6,Portal Placement
282,150.81733333333335,6,Portal Placement
283,151.3512,6,Portal Placement
284,151.88506666666666,6,Portal Placement
285,152.41893333333334,6,Portal Placement
286,152.9528,6,Portal Placement
287,153.48666666666668,6,Portal Placement
288,154.02053333333333,5,Labral Mobilization
289,154.55440000000002,5,Labral Mobilization
290,155.08826666666667,5,Labral Mobilization
291,155.62213333333335,5,Labral Mobilization
292,156.156,5,Labral Mobilization
293,156.68986666666666,5,Labral Mobilization
294,157.22373333333334,5,Labral Mobilization
295,157.7576,5,Labral Mobilization
296,158.29146666666668,5,Labral Mobilization
297,158.82533333333333,5,Labral Mobilization
298,159.35920000000002,5,Labral Mobilization
299,159.89306666666667,5,Labral Mobilization
300,160.42693333333335,5,Labral Mobilization
301,160.9608,5,Labral Mobilization
302,161.49466666666666,5,Labral Mobilization
303,162.02853333333334,5,Labral Mobilization
304,162.5624,5,Labral Mobilization
305,163.09626666666668,5,Labral Mobilization
306,163.63013333333333,5,Labral Mobilization
307,164.16400000000002,5,Labral Mobilization
308,164.69786666666667,5,Labral Mobilization
309,165.23173333333335,5,Labral Mobilization
310,165.7656,5,Labral Mobilization
311,166.29946666666666,5,Labral Mobilization
312,166.83333333333334,5,Labral Mobilization
313,167.3672,5,Labral Mobilization
314,167.90106666666668,5,Labral Mobilization
315,168.43493333333333,5,Labral Mobilization
316,168.96880000000002,5,Labral Mobilization
317,169.50266666666667,5,Labral Mobilization
318,170.03653333333335,5,Labral Mobilization
319,170.5704,5,Labral Mobilization
320,171.10426666666666,5,Labral Mobilization
321,171.63813333333334,5,Labral Mobilization
322,172.172,5,Labral Mobilization
323,172.70586666666668,5,Labral Mobilization
324,173.23973333333333,5,Labral Mobilization
325,173.77360000000002,5,Labral Mobilization
326,174.30746666666667,5,Labral Mobilization
327,174.84133333333335,5,Labral Mobilization
328,175.3752,5,Labral Mobilization
329,175.9090666666667,5,Labral Mobilization
330,176.44293333333334,5,Labral Mobilization
331,176.9768,5,Labral Mobilization
332,177.51066666666668,5,Labral Mobilization
333,178.04453333333333,5,Labral Mobilization
334,178.57840000000002,5,Labral Mobilization
335,179.11226666666667,5,Labral Mobilization
336,179.64613333333335,5,Labral Mobilization
337,180.18,5,Labral Mobilization
338,180.7138666666667,5,Labral Mobilization
339,181.24773333333334,5,Labral Mobilization
340,181.7816,5,Labral Mobilization
341,182.31546666666668,5,Labral Mobilization
342,182.84933333333333,5,Labral Mobilization
343,183.38320000000002,5,Labral Mobilization
344,183.91706666666667,5,Labral Mobilization
345,184.45093333333335,5,Labral Mobilization
346,184.9848,5,Labral Mobilization
347,185.5186666666667,5,Labral Mobilization
348,186.05253333333334,5,Labral Mobilization
349,186.5864,5,Labral Mobilization
350,187.12026666666668,5,Labral Mobilization
351,187.65413333333333,5,Labral Mobilization
352,188.18800000000002,5,Labral Mobilization
353,188.72186666666667,5,Labral Mobilization
354,189.25573333333335,5,Labral Mobilization
355,189.7896,5,Labral Mobilization
356,190.3234666666667,5,Labral Mobilization
357,190.85733333333334,5,Labral Mobilization
358,191.3912,5,Labral Mobilization
359,191.92506666666668,5,Labral Mobilization
360,192.45893333333333,5,Labral Mobilization
361,192.99280000000002,5,Labral Mobilization
362,193.52666666666667,5,Labral Mobilization
363,194.06053333333335,5,Labral Mobilization
364,194.5944,5,Labral Mobilization
365,195.1282666666667,5,Labral Mobilization
366,195.66213333333334,5,Labral Mobilization
367,196.196,5,Labral Mobilization
368,196.72986666666668,5,Labral Mobilization
369,197.26373333333333,5,Labral Mobilization
370,197.79760000000002,5,Labral Mobilization
371,198.33146666666667,5,Labral Mobilization
372,198.86533333333335,5,Labral Mobilization
373,199.3992,5,Labral Mobilization
374,199.9330666666667,5,Labral Mobilization
375,200.46693333333334,5,Labral Mobilization
376,201.0008,5,Labral Mobilization
377,201.53466666666668,5,Labral Mobilization
378,202.06853333333333,5,Labral Mobilization
379,202.60240000000002,5,Labral Mobilization
380,203.13626666666667,5,Labral Mobilization
381,203.67013333333335,5,Labral Mobilization
382,204.204,5,Labral Mobilization
383,204.7378666666667,5,Labral Mobilization
384,205.27173333333334,5,Labral Mobilization
385,205.8056,5,Labral Mobilization
386,206.33946666666668,5,Labral Mobilization
387,206.87333333333333,5,Labral Mobilization
388,207.40720000000002,5,Labral Mobilization
389,207.94106666666667,5,Labral Mobilization
390,208.47493333333335,5,Labral Mobilization
391,209.0088,5,Labral Mobilization
392,209.5426666666667,5,Labral Mobilization
393,210.07653333333334,5,Labral Mobilization
394,210.6104,5,Labral Mobilization
395,211.14426666666668,5,Labral Mobilization
396,211.67813333333334,5,Labral Mobilization
397,212.21200000000002,5,Labral Mobilization
398,212.74586666666667,5,Labral Mobilization
399,213.27973333333335,5,Labral Mobilization
400,213.8136,5,Labral Mobilization
401,214.3474666666667,5,Labral Mobilization
402,214.88133333333334,5,Labral Mobilization
403,215.4152,5,Labral Mobilization
404,215.94906666666668,5,Labral Mobilization
405,216.48293333333334,5,Labral Mobilization
406,217.01680000000002,5,Labral Mobilization
407,217.55066666666667,5,Labral Mobilization
408,218.08453333333335,5,Labral Mobilization
409,218.6184,5,Labral Mobilization
410,219.1522666666667,5,Labral Mobilization
411,219.68613333333334,5,Labral Mobilization
412,220.22,5,Labral Mobilization
413,220.75386666666668,5,Labral Mobilization
414,221.28773333333334,5,Labral Mobilization
415,221.82160000000002,5,Labral Mobilization
416,222.35546666666667,5,Labral Mobilization
417,222.88933333333335,5,Labral Mobilization
418,223.4232,5,Labral Mobilization
419,223.9570666666667,5,Labral Mobilization
420,224.49093333333334,5,Labral Mobilization
421,225.0248,5,Labral Mobilization
422,225.55866666666668,5,Labral Mobilization
423,226.09253333333334,5,Labral Mobilization
424,226.62640000000002,5,Labral Mobilization
425,227.16026666666667,5,Labral Mobilization
426,227.69413333333335,5,Labral Mobilization
427,228.228,5,Labral Mobilization
428,228.7618666666667,5,Labral Mobilization
429,229.29573333333335,5,Labral Mobilization
430,229.8296,5,Labral Mobilization
431,230.36346666666668,5,Labral Mobilization
432,230.89733333333334,5,Labral Mobilization
433,231.43120000000002,5,Labral Mobilization
434,231.96506666666667,5,Labral Mobilization
435,232.49893333333335,5,Labral Mobilization
436,233.0328,5,Labral Mobilization
437,233.5666666666667,5,Labral Mobilization
438,234.10053333333335,5,Labral Mobilization
439,234.6344,5,Labral Mobilization
440,235.16826666666668,5,Labral Mobilization
441,235.70213333333334,5,Labral Mobilization
442,236.23600000000002,5,Labral Mobilization
443,236.76986666666667,5,Labral Mobilization
444,237.30373333333335,5,Labral Mobilization
445,237.8376,5,Labral Mobilization
446,238.3714666666667,5,Labral Mobilization
447,238.90533333333335,5,Labral Mobilization
448,239.43920000000003,5,Labral Mobilization
449,239.97306666666668,5,Labral Mobilization
450,240.50693333333334,5,Labral Mobilization
451,241.04080000000002,5,Labral Mobilization
452,241.57466666666667,5,Labral Mobilization
453,242.10853333333336,5,Labral Mobilization
454,242.6424,5,Labral Mobilization
455,243.1762666666667,5,Labral Mobilization
456,243.71013333333335,5,Labral Mobilization
457,244.24400000000003,5,Labral Mobilization
458,244.77786666666668,5,Labral Mobilization
459,245.31173333333334,5,Labral Mobilization
460,245.84560000000002,5,Labral Mobilization
461,246.37946666666667,5,Labral Mobilization
462,246.91333333333336,5,Labral Mobilization
463,247.4472,5,Labral Mobilization
464,247.9810666666667,5,Labral Mobilization
465,248.51493333333335,5,Labral Mobilization
466,249.04880000000003,5,Labral Mobilization
467,249.58266666666668,5,Labral Mobilization
468,250.11653333333334,5,Labral Mobilization
469,250.65040000000002,5,Labral Mobilization
470,251.18426666666667,3,Glenoid Preparation
471,251.71813333333336,3,Glenoid Preparation
472,252.252,3,Glenoid Preparation
473,252.7858666666667,3,Glenoid Preparation
474,253.31973333333335,3,Glenoid Preparation
475,253.85360000000003,3,Glenoid Preparation
476,254.38746666666668,3,Glenoid Preparation
477,254.92133333333334,3,Glenoid Preparation
478,255.45520000000002,3,Glenoid Preparation
479,255.98906666666667,3,Glenoid Preparation
480,256.52293333333336,3,Glenoid Preparation
481,257.0568,3,Glenoid Preparation
482,257.59066666666666,3,Glenoid Preparation
483,258.1245333333334,3,Glenoid Preparation
484,258.65840000000003,3,Glenoid Preparation
485,259.1922666666667,3,Glenoid Preparation
486,259.72613333333334,3,Glenoid Preparation
487,260.26,3,Glenoid Preparation
488,260.7938666666667,3,Glenoid Preparation
489,261.32773333333336,3,Glenoid Preparation
490,261.8616,3,Glenoid Preparation
491,262.39546666666666,3,Glenoid Preparation
492,262.9293333333334,3,Glenoid Preparation
493,263.46320000000003,3,Glenoid Preparation
494,263.9970666666667,3,Glenoid Preparation
495,264.53093333333334,3,Glenoid Preparation
496,265.0648,3,Glenoid Preparation
497,265.5986666666667,3,Glenoid Preparation
498,266.13253333333336,5,Labral Mobilization
499,266.6664,5,Labral Mobilization
500,267.20026666666666,5,Labral Mobilization
501,267.7341333333334,5,Labral Mobilization
502,268.26800000000003,5,Labral Mobilization
503,268.8018666666667,5,Labral Mobilization
504,269.33573333333334,5,Labral Mobilization
505,269.8696,5,Labral Mobilization
506,270.4034666666667,5,Labral Mobilization
507,270.93733333333336,5,Labral Mobilization
508,271.4712,5,Labral Mobilization
509,272.00506666666666,5,Labral Mobilization
510,272.5389333333334,5,Labral Mobilization
511,273.07280000000003,5,Labral Mobilization
512,273.6066666666667,5,Labral Mobilization
513,274.14053333333334,5,Labral Mobilization
514,274.6744,5,Labral Mobilization
515,275.2082666666667,5,Labral Mobilization
516,275.74213333333336,5,Labral Mobilization
517,276.276,5,Labral Mobilization
518,276.80986666666666,5,Labral Mobilization
519,277.3437333333334,5,Labral Mobilization
520,277.87760000000003,5,Labral Mobilization
521,278.4114666666667,5,Labral Mobilization
522,278.94533333333334,5,Labral Mobilization
523,279.4792,5,Labral Mobilization
524,280.0130666666667,5,Labral Mobilization
525,280.54693333333336,5,Labral Mobilization
526,281.0808,5,Labral Mobilization
527,281.61466666666666,5,Labral Mobilization
528,282.1485333333334,5,Labral Mobilization
529,282.68240000000003,5,Labral Mobilization
530,283.2162666666667,5,Labral Mobilization
531,283.75013333333334,5,Labral Mobilization
532,284.284,5,Labral Mobilization
533,284.8178666666667,5,Labral Mobilization
534,285.35173333333336,5,Labral Mobilization
535,285.8856,5,Labral Mobilization
536,286.41946666666666,5,Labral Mobilization
537,286.9533333333334,5,Labral Mobilization
538,287.48720000000003,5,Labral Mobilization
539,288.0210666666667,5,Labral Mobilization
540,288.55493333333334,5,Labral Mobilization
541,289.0888,5,Labral Mobilization
542,289.6226666666667,5,Labral Mobilization
543,290.15653333333336,5,Labral Mobilization
544,290.6904,5,Labral Mobilization
545,291.22426666666667,5,Labral Mobilization
546,291.7581333333334,5,Labral Mobilization
547,292.29200000000003,3,Glenoid Preparation
548,292.8258666666667,3,Glenoid Preparation
549,293.35973333333334,3,Glenoid Preparation
550,293.8936,3,Glenoid Preparation
551,294.4274666666667,3,Glenoid Preparation
552,294.96133333333336,3,Glenoid Preparation
553,295.4952,3,Glenoid Preparation
554,296.02906666666667,3,Glenoid Preparation
555,296.5629333333334,3,Glenoid Preparation
556,297.09680000000003,3,Glenoid Preparation
557,297.6306666666667,3,Glenoid Preparation
558,298.16453333333334,3,Glenoid Preparation
559,298.6984,3,Glenoid Preparation
560,299.2322666666667,3,Glenoid Preparation
561,299.76613333333336,3,Glenoid Preparation
562,300.3,3,Glenoid Preparation
563,300.83386666666667,3,Glenoid Preparation
564,301.3677333333334,3,Glenoid Preparation
565,301.90160000000003,3,Glenoid Preparation
566,302.4354666666667,3,Glenoid Preparation
567,302.96933333333334,3,Glenoid Preparation
568,303.5032,3,Glenoid Preparation
569,304.0370666666667,3,Glenoid Preparation
570,304.57093333333336,3,Glenoid Preparation
571,305.1048,3,Glenoid Preparation
572,305.63866666666667,3,Glenoid Preparation
573,306.1725333333334,3,Glenoid Preparation
574,306.70640000000003,3,Glenoid Preparation
575,307.2402666666667,3,Glenoid Preparation
576,307.77413333333334,3,Glenoid Preparation
577,308.308,3,Glenoid Preparation
578,308.8418666666667,3,Glenoid Preparation
579,309.37573333333336,7,Suture Passage
580,309.9096,7,Suture Passage
581,310.44346666666667,7,Suture Passage
582,310.9773333333334,7,Suture Passage
583,311.51120000000003,7,Suture Passage
584,312.0450666666667,7,Suture Passage
585,312.57893333333334,7,Suture Passage
586,313.1128,7,Suture Passage
587,313.6466666666667,7,Suture Passage
588,314.18053333333336,7,Suture Passage
589,314.7144,7,Suture Passage
590,315.24826666666667,7,Suture Passage
591,315.7821333333334,7,Suture Passage
592,316.31600000000003,7,Suture Passage
593,316.8498666666667,7,Suture Passage
594,317.38373333333334,7,Suture Passage
595,317.9176,7,Suture Passage
596,318.4514666666667,7,Suture Passage
597,318.98533333333336,7,Suture Passage
598,319.5192,7,Suture Passage
599,320.05306666666667,7,Suture Passage
600,320.5869333333334,7,Suture Passage
601,321.12080000000003,7,Suture Passage
602,321.6546666666667,7,Suture Passage
603,322.18853333333334,7,Suture Passage
604,322.7224,7,Suture Passage
605,323.2562666666667,7,Suture Passage
606,323.79013333333336,7,Suture Passage
607,324.324,7,Suture Passage
608,324.85786666666667,7,Suture Passage
609,325.3917333333334,7,Suture Passage
610,325.92560000000003,7,Suture Passage
611,326.4594666666667,7,Suture Passage
612,326.99333333333334,7,Suture Passage
613,327.5272,7,Suture Passage
614,328.0610666666667,7,Suture Passage
615,328.59493333333336,7,Suture Passage
616,329.1288,7,Suture Passage
617,329.66266666666667,7,Suture Passage
618,330.1965333333334,7,Suture Passage
619,330.73040000000003,7,Suture Passage
620,331.2642666666667,7,Suture Passage
621,331.79813333333334,7,Suture Passage
622,332.332,7,Suture Passage
623,332.8658666666667,7,Suture Passage
624,333.39973333333336,7,Suture Passage
625,333.9336,7,Suture Passage
626,334.46746666666667,7,Suture Passage
627,335.0013333333334,7,Suture Passage
628,335.53520000000003,7,Suture Passage
629,336.0690666666667,7,Suture Passage
630,336.60293333333334,7,Suture Passage
631,337.1368,7,Suture Passage
632,337.6706666666667,7,Suture Passage
633,338.20453333333336,7,Suture Passage
634,338.7384,7,Suture Passage
635,339.27226666666667,7,Suture Passage
636,339.8061333333334,7,Suture Passage
637,340.34000000000003,7,Suture Passage
638,340.8738666666667,7,Suture Passage
639,341.40773333333334,7,Suture Passage
640,341.9416,7,Suture Passage
641,342.4754666666667,7,Suture Passage
642,343.00933333333336,7,Suture Passage
643,343.5432,7,Suture Passage
644,344.07706666666667,7,Suture Passage
645,344.6109333333334,7,Suture Passage
646,345.14480000000003,7,Suture Passage
647,345.6786666666667,7,Suture Passage
648,346.21253333333334,7,Suture Passage
649,346.74640000000005,7,Suture Passage
650,347.2802666666667,7,Suture Passage
651,347.81413333333336,7,Suture Passage
652,348.348,7,Suture Passage
653,348.88186666666667,7,Suture Passage
654,349.4157333333334,7,Suture Passage
655,349.94960000000003,7,Suture Passage
656,350.4834666666667,7,Suture Passage
657,351.01733333333334,7,Suture Passage
658,351.55120000000005,7,Suture Passage
659,352.0850666666667,7,Suture Passage
660,352.61893333333336,7,Suture Passage
661,353.1528,7,Suture Passage
662,353.68666666666667,7,Suture Passage
663,354.2205333333334,7,Suture Passage
664,354.75440000000003,7,Suture Passage
665,355.2882666666667,7,Suture Passage
666,355.82213333333334,7,Suture Passage
667,356.35600000000005,7,Suture Passage
668,356.8898666666667,7,Suture Passage
669,357.42373333333336,7,Suture Passage
670,357.9576,7,Suture Passage
671,358.49146666666667,7,Suture Passage
672,359.0253333333334,7,Suture Passage
673,359.55920000000003,7,Suture Passage
674,360.0930666666667,7,Suture Passage
675,360.62693333333334,7,Suture Passage
676,361.16080000000005,7,Suture Passage
677,361.6946666666667,7,Suture Passage
678,362.22853333333336,7,Suture Passage
679,362.7624,7,Suture Passage
680,363.29626666666667,7,Suture Passage
681,363.8301333333334,7,Suture Passage
682,364.36400000000003,7,Suture Passage
683,364.8978666666667,7,Suture Passage
684,365.43173333333334,7,Suture Passage
685,365.96560000000005,7,Suture Passage
686,366.4994666666667,7,Suture Passage
687,367.03333333333336,7,Suture Passage
688,367.5672,7,Suture Passage
689,368.10106666666667,7,Suture Passage
690,368.6349333333334,7,Suture Passage
691,369.16880000000003,7,Suture Passage
692,369.7026666666667,7,Suture Passage
693,370.23653333333334,7,Suture Passage
694,370.77040000000005,7,Suture Passage
695,371.3042666666667,7,Suture Passage
696,371.83813333333336,7,Suture Passage
697,372.372,7,Suture Passage
698,372.90586666666667,7,Suture Passage
699,373.4397333333334,7,Suture Passage
700,373.97360000000003,7,Suture Passage
701,374.5074666666667,7,Suture Passage
702,375.04133333333334,7,Suture Passage
703,375.57520000000005,7,Suture Passage
704,376.1090666666667,7,Suture Passage
705,376.64293333333336,7,Suture Passage
706,377.1768,7,Suture Passage
707,377.71066666666667,7,Suture Passage
708,378.2445333333334,7,Suture Passage
709,378.77840000000003,7,Suture Passage
710,379.3122666666667,7,Suture Passage
711,379.84613333333334,7,Suture Passage
712,380.38000000000005,7,Suture Passage
713,380.9138666666667,7,Suture Passage
714,381.44773333333336,7,Suture Passage
715,381.9816,7,Suture Passage
716,382.51546666666667,7,Suture Passage
717,383.0493333333334,7,Suture Passage
718,383.58320000000003,7,Suture Passage
719,384.1170666666667,7,Suture Passage
720,384.65093333333334,7,Suture Passage
721,385.18480000000005,7,Suture Passage
722,385.7186666666667,7,Suture Passage
723,386.25253333333336,7,Suture Passage
724,386.7864,7,Suture Passage
725,387.32026666666667,7,Suture Passage
726,387.8541333333334,7,Suture Passage
727,388.38800000000003,7,Suture Passage
728,388.9218666666667,7,Suture Passage
729,389.45573333333334,7,Suture Passage
730,389.98960000000005,7,Suture Passage
731,390.5234666666667,7,Suture Passage
732,391.05733333333336,7,Suture Passage
733,391.5912,7,Suture Passage
734,392.12506666666667,7,Suture Passage
735,392.6589333333334,7,Suture Passage
736,393.19280000000003,7,Suture Passage
737,393.7266666666667,7,Suture Passage
738,394.26053333333334,7,Suture Passage
739,394.79440000000005,7,Suture Passage
740,395.3282666666667,7,Suture Passage
741,395.86213333333336,7,Suture Passage
742,396.396,7,Suture Passage
743,396.92986666666667,7,Suture Passage
744,397.4637333333334,7,Suture Passage
745,397.99760000000003,7,Suture Passage
746,398.5314666666667,7,Suture Passage
747,399.06533333333334,7,Suture Passage
748,399.59920000000005,7,Suture Passage
749,400.1330666666667,7,Suture Passage
750,400.66693333333336,7,Suture Passage
751,401.2008,7,Suture Passage
752,401.73466666666667,7,Suture Passage
753,402.2685333333334,7,Suture Passage
754,402.80240000000003,7,Suture Passage
755,403.3362666666667,7,Suture Passage
756,403.87013333333334,7,Suture Passage
757,404.40400000000005,7,Suture Passage
758,404.9378666666667,7,Suture Passage
759,405.47173333333336,7,Suture Passage
760,406.0056,7,Suture Passage
761,406.53946666666667,7,Suture Passage
762,407.0733333333334,7,Suture Passage
763,407.60720000000003,7,Suture Passage
764,408.1410666666667,7,Suture Passage
765,408.67493333333334,7,Suture Passage
766,409.20880000000005,7,Suture Passage
767,409.7426666666667,7,Suture Passage
768,410.27653333333336,7,Suture Passage
769,410.8104,7,Suture Passage
770,411.34426666666667,7,Suture Passage
771,411.8781333333334,7,Suture Passage
772,412.41200000000003,7,Suture Passage
773,412.9458666666667,7,Suture Passage
774,413.47973333333334,7,Suture Passage
775,414.01360000000005,7,Suture Passage
776,414.5474666666667,7,Suture Passage
777,415.08133333333336,7,Suture Passage
778,415.6152,7,Suture Passage
779,416.14906666666667,7,Suture Passage
780,416.6829333333334,7,Suture Passage
781,417.21680000000003,7,Suture Passage
782,417.7506666666667,7,Suture Passage
783,418.28453333333334,7,Suture Passage
784,418.81840000000005,7,Suture Passage
785,419.3522666666667,7,Suture Passage
786,419.88613333333336,7,Suture Passage
787,420.42,7,Suture Passage
788,420.95386666666667,7,Suture Passage
789,421.4877333333334,7,Suture Passage
790,422.02160000000003,7,Suture Passage
791,422.5554666666667,7,Suture Passage
792,423.08933333333334,7,Suture Passage
793,423.62320000000005,7,Suture Passage
794,424.1570666666667,7,Suture Passage
795,424.69093333333336,7,Suture Passage
796,425.2248,7,Suture Passage
797,425.75866666666667,7,Suture Passage
798,426.2925333333334,7,Suture Passage
799,426.82640000000004,7,Suture Passage
800,427.3602666666667,7,Suture Passage
801,427.89413333333334,7,Suture Passage
802,428.42800000000005,7,Suture Passage
803,428.9618666666667,7,Suture Passage
804,429.49573333333336,7,Suture Passage
805,430.0296,7,Suture Passage
806,430.56346666666667,7,Suture Passage
807,431.0973333333334,7,Suture Passage
808,431.63120000000004,7,Suture Passage
809,432.1650666666667,7,Suture Passage
810,432.69893333333334,7,Suture Passage
811,433.23280000000005,7,Suture Passage
812,433.7666666666667,7,Suture Passage
813,434.30053333333336,7,Suture Passage
814,434.8344,7,Suture Passage
815,435.36826666666667,7,Suture Passage
816,435.9021333333334,7,Suture Passage
817,436.43600000000004,7,Suture Passage
818,436.9698666666667,7,Suture Passage
819,437.50373333333334,7,Suture Passage
820,438.03760000000005,7,Suture Passage
821,438.5714666666667,7,Suture Passage
822,439.10533333333336,7,Suture Passage
823,439.6392,7,Suture Passage
824,440.17306666666667,7,Suture Passage
825,440.7069333333334,7,Suture Passage
826,441.24080000000004,7,Suture Passage
827,441.7746666666667,7,Suture Passage
828,442.30853333333334,7,Suture Passage
829,442.84240000000005,7,Suture Passage
830,443.3762666666667,7,Suture Passage
831,443.91013333333336,7,Suture Passage
832,444.444,7,Suture Passage
833,444.97786666666667,7,Suture Passage
834,445.5117333333334,7,Suture Passage
835,446.04560000000004,7,Suture Passage
836,446.5794666666667,7,Suture Passage
837,447.11333333333334,7,Suture Passage
838,447.64720000000005,7,Suture Passage
839,448.1810666666667,7,Suture Passage
840,448.71493333333336,7,Suture Passage
841,449.2488,7,Suture Passage
842,449.78266666666667,7,Suture Passage
843,450.3165333333334,7,Suture Passage
844,450.85040000000004,7,Suture Passage
845,451.3842666666667,7,Suture Passage
846,451.91813333333334,7,Suture Passage
847,452.45200000000006,7,Suture Passage
848,452.9858666666667,7,Suture Passage
849,453.51973333333336,7,Suture Passage
850,454.0536,7,Suture Passage
851,454.58746666666667,7,Suture Passage
852,455.1213333333334,7,Suture Passage
853,455.65520000000004,7,Suture Passage
854,456.1890666666667,7,Suture Passage
855,456.72293333333334,7,Suture Passage
856,457.25680000000006,7,Suture Passage
857,457.7906666666667,7,Suture Passage
858,458.32453333333336,7,Suture Passage
859,458.8584,7,Suture Passage
860,459.39226666666667,7,Suture Passage
861,459.9261333333334,7,Suture Passage
862,460.46000000000004,7,Suture Passage
863,460.9938666666667,7,Suture Passage
864,461.52773333333334,7,Suture Passage
865,462.06160000000006,7,Suture Passage
866,462.5954666666667,7,Suture Passage
867,463.12933333333336,7,Suture Passage
868,463.6632,7,Suture Passage
869,464.1970666666667,7,Suture Passage
870,464.7309333333334,7,Suture Passage
871,465.26480000000004,7,Suture Passage
872,465.7986666666667,7,Suture Passage
873,466.33253333333334,7,Suture Passage
874,466.86640000000006,7,Suture Passage
875,467.4002666666667,7,Suture Passage
876,467.93413333333336,7,Suture Passage
877,468.468,7,Suture Passage
878,469.0018666666667,7,Suture Passage
879,469.5357333333334,7,Suture Passage
880,470.06960000000004,7,Suture Passage
881,470.6034666666667,7,Suture Passage
882,471.13733333333334,7,Suture Passage
883,471.67120000000006,7,Suture Passage
884,472.2050666666667,7,Suture Passage
885,472.73893333333336,7,Suture Passage
886,473.2728,7,Suture Passage
887,473.8066666666667,7,Suture Passage
888,474.3405333333334,7,Suture Passage
889,474.87440000000004,7,Suture Passage
890,475.4082666666667,7,Suture Passage
891,475.94213333333335,7,Suture Passage
892,476.47600000000006,7,Suture Passage
893,477.0098666666667,7,Suture Passage
894,477.54373333333336,7,Suture Passage
895,478.0776,7,Suture Passage
896,478.61146666666673,7,Suture Passage
897,479.1453333333334,7,Suture Passage
898,479.67920000000004,7,Suture Passage
899,480.2130666666667,7,Suture Passage
900,480.74693333333335,7,Suture Passage
901,481.28080000000006,7,Suture Passage
902,481.8146666666667,7,Suture Passage
903,482.34853333333336,7,Suture Passage
904,482.8824,7,Suture Passage
905,483.41626666666673,8,Suture Tensioning
906,483.9501333333334,8,Suture Tensioning
907,484.48400000000004,8,Suture Tensioning
908,485.0178666666667,7,Suture Passage
909,485.55173333333335,7,Suture Passage
910,486.08560000000006,7,Suture Passage
911,486.6194666666667,7,Suture Passage
912,487.15333333333336,7,Suture Passage
913,487.6872,7,Suture Passage
914,488.22106666666673,5,Labral Mobilization
915,488.7549333333334,5,Labral Mobilization
916,489.28880000000004,5,Labral Mobilization
917,489.8226666666667,5,Labral Mobilization
918,490.35653333333335,5,Labral Mobilization
919,490.89040000000006,5,Labral Mobilization
920,491.4242666666667,5,Labral Mobilization
921,491.95813333333336,5,Labral Mobilization
922,492.492,5,Labral Mobilization
923,493.02586666666673,5,Labral Mobilization
924,493.5597333333334,5,Labral Mobilization
925,494.09360000000004,5,Labral Mobilization
926,494.6274666666667,5,Labral Mobilization
927,495.16133333333335,5,Labral Mobilization
928,495.69520000000006,5,Labral Mobilization
929,496.2290666666667,3,Glenoid Preparation
930,496.76293333333336,3,Glenoid Preparation
931,497.2968,3,Glenoid Preparation
932,497.83066666666673,3,Glenoid Preparation
933,498.3645333333334,0,Anchor Placement
934,498.89840000000004,0,Anchor Placement
935,499.4322666666667,0,Anchor Placement
936,499.96613333333335,0,Anchor Placement
937,500.50000000000006,0,Anchor Placement
938,501.0338666666667,0,Anchor Placement
939,501.56773333333336,0,Anchor Placement
940,502.1016,0,Anchor Placement
941,502.63546666666673,0,Anchor Placement
942,503.1693333333334,0,Anchor Placement
943,503.70320000000004,0,Anchor Placement
944,504.2370666666667,0,Anchor Placement
945,504.77093333333335,0,Anchor Placement
946,505.30480000000006,0,Anchor Placement
947,505.8386666666667,0,Anchor Placement
948,506.37253333333337,0,Anchor Placement
949,506.9064,0,Anchor Placement
950,507.44026666666673,0,Anchor Placement
951,507.9741333333334,3,Glenoid Preparation
952,508.50800000000004,3,Glenoid Preparation
953,509.0418666666667,3,Glenoid Preparation
954,509.57573333333335,3,Glenoid Preparation
955,510.10960000000006,3,Glenoid Preparation
956,510.6434666666667,3,Glenoid Preparation
957,511.17733333333337,3,Glenoid Preparation
958,511.7112,3,Glenoid Preparation
959,512.2450666666667,3,Glenoid Preparation
960,512.7789333333334,3,Glenoid Preparation
961,513.3128,3,Glenoid Preparation
962,513.8466666666667,3,Glenoid Preparation
963,514.3805333333333,3,Glenoid Preparation
964,514.9144,3,Glenoid Preparation
965,515.4482666666667,3,Glenoid Preparation
966,515.9821333333334,3,Glenoid Preparation
967,516.5160000000001,3,Glenoid Preparation
968,517.0498666666667,3,Glenoid Preparation
969,517.5837333333334,3,Glenoid Preparation
970,518.1176,3,Glenoid Preparation
971,518.6514666666667,3,Glenoid Preparation
972,519.1853333333333,3,Glenoid Preparation
973,519.7192,1,Diagnostic Arthroscopy
974,520.2530666666667,1,Diagnostic Arthroscopy
975,520.7869333333334,1,Diagnostic Arthroscopy
976,521.3208000000001,1,Diagnostic Arthroscopy
977,521.8546666666667,1,Diagnostic Arthroscopy
978,522.3885333333334,1,Diagnostic Arthroscopy
979,522.9224,1,Diagnostic Arthroscopy
980,523.4562666666667,1,Diagnostic Arthroscopy
981,523.9901333333333,1,Diagnostic Arthroscopy
982,524.524,1,Diagnostic Arthroscopy
983,525.0578666666667,1,Diagnostic Arthroscopy
984,525.5917333333334,1,Diagnostic Arthroscopy
985,526.1256000000001,1,Diagnostic Arthroscopy
986,526.6594666666667,1,Diagnostic Arthroscopy
987,527.1933333333334,1,Diagnostic Arthroscopy
988,527.7272,7,Suture Passage
989,528.2610666666667,7,Suture Passage
990,528.7949333333333,7,Suture Passage
991,529.3288,7,Suture Passage
992,529.8626666666667,7,Suture Passage
993,530.3965333333334,7,Suture Passage
994,530.9304000000001,7,Suture Passage
995,531.4642666666667,7,Suture Passage
996,531.9981333333334,7,Suture Passage
997,532.532,7,Suture Passage
998,533.0658666666667,7,Suture Passage
999,533.5997333333333,7,Suture Passage
1000,534.1336,7,Suture Passage
1001,534.6674666666667,7,Suture Passage
1002,535.2013333333334,7,Suture Passage
1003,535.7352000000001,7,Suture Passage
1004,536.2690666666667,7,Suture Passage
1005,536.8029333333334,7,Suture Passage
1006,537.3368,7,Suture Passage
1007,537.8706666666667,7,Suture Passage
1008,538.4045333333333,7,Suture Passage
1009,538.9384,7,Suture Passage
1010,539.4722666666667,7,Suture Passage
1011,540.0061333333334,7,Suture Passage
1012,540.5400000000001,7,Suture Passage
1013,541.0738666666667,7,Suture Passage
1014,541.6077333333334,7,Suture Passage
1015,542.1416,7,Suture Passage
1016,542.6754666666667,7,Suture Passage
1017,543.2093333333333,7,Suture Passage
1018,543.7432,7,Suture Passage
1019,544.2770666666667,7,Suture Passage
1020,544.8109333333334,7,Suture Passage
1021,545.3448000000001,7,Suture Passage
1022,545.8786666666667,7,Suture Passage
1023,546.4125333333334,7,Suture Passage
1024,546.9464,7,Suture Passage
1025,547.4802666666667,7,Suture Passage
1026,548.0141333333333,7,Suture Passage
1027,548.548,7,Suture Passage
1028,549.0818666666667,7,Suture Passage
1029,549.6157333333334,7,Suture Passage
1030,550.1496000000001,7,Suture Passage
1031,550.6834666666667,7,Suture Passage
1032,551.2173333333334,7,Suture Passage
1033,551.7512,7,Suture Passage
1034,552.2850666666667,7,Suture Passage
1035,552.8189333333333,7,Suture Passage
1036,553.3528,7,Suture Passage
1037,553.8866666666667,7,Suture Passage
1038,554.4205333333334,7,Suture Passage
1039,554.9544000000001,7,Suture Passage
1040,555.4882666666667,7,Suture Passage
1041,556.0221333333334,7,Suture Passage
1042,556.556,7,Suture Passage
1043,557.0898666666667,7,Suture Passage
1044,557.6237333333333,7,Suture Passage
1045,558.1576,7,Suture Passage
1046,558.6914666666667,7,Suture Passage
1047,559.2253333333334,7,Suture Passage
1048,559.7592000000001,7,Suture Passage
1049,560.2930666666667,7,Suture Passage
1050,560.8269333333334,7,Suture Passage
1051,561.3608,7,Suture Passage
1052,561.8946666666667,7,Suture Passage
1053,562.4285333333333,7,Suture Passage
1054,562.9624,7,Suture Passage
1055,563.4962666666667,7,Suture Passage
1056,564.0301333333334,7,Suture Passage
1057,564.5640000000001,7,Suture Passage
1058,565.0978666666667,7,Suture Passage
1059,565.6317333333334,7,Suture Passage
1060,566.1656,0,Anchor Placement
1061,566.6994666666667,0,Anchor Placement
1062,567.2333333333333,0,Anchor Placement
1063,567.7672,0,Anchor Placement
1064,568.3010666666667,0,Anchor Placement
1065,568.8349333333334,0,Anchor Placement
1066,569.3688000000001,0,Anchor Placement
1067,569.9026666666667,0,Anchor Placement
1068,570.4365333333334,0,Anchor Placement
1069,570.9704,0,Anchor Placement
1070,571.5042666666667,0,Anchor Placement
1071,572.0381333333333,0,Anchor Placement
1072,572.572,0,Anchor Placement
1073,573.1058666666667,0,Anchor Placement
1074,573.6397333333334,0,Anchor Placement
1075,574.1736000000001,0,Anchor Placement
1076,574.7074666666667,0,Anchor Placement
1077,575.2413333333334,0,Anchor Placement
1078,575.7752,0,Anchor Placement
1079,576.3090666666667,0,Anchor Placement
1080,576.8429333333333,0,Anchor Placement
1081,577.3768,0,Anchor Placement
1082,577.9106666666667,0,Anchor Placement
1083,578.4445333333334,0,Anchor Placement
1084,578.9784000000001,7,Suture Passage
1085,579.5122666666667,7,Suture Passage
1086,580.0461333333334,7,Suture Passage
1087,580.58,7,Suture Passage
1088,581.1138666666667,7,Suture Passage
1089,581.6477333333333,7,Suture Passage
1090,582.1816,7,Suture Passage
1091,582.7154666666667,7,Suture Passage
1092,583.2493333333334,7,Suture Passage
1093,583.7832000000001,7,Suture Passage
1094,584.3170666666667,7,Suture Passage
1095,584.8509333333334,7,Suture Passage
1096,585.3848,7,Suture Passage
1097,585.9186666666667,7,Suture Passage
1098,586.4525333333333,7,Suture Passage
1099,586.9864,7,Suture Passage
1100,587.5202666666667,7,Suture Passage
1101,588.0541333333334,7,Suture Passage
1102,588.5880000000001,7,Suture Passage
1103,589.1218666666667,7,Suture Passage
1104,589.6557333333334,7,Suture Passage
1105,590.1896,7,Suture Passage
1106,590.7234666666667,7,Suture Passage
1107,591.2573333333333,7,Suture Passage
1108,591.7912,7,Suture Passage
1109,592.3250666666667,7,Suture Passage
1110,592.8589333333334,7,Suture Passage
1111,593.3928000000001,7,Suture Passage
1112,593.9266666666667,7,Suture Passage
1113,594.4605333333334,7,Suture Passage
1114,594.9944,7,Suture Passage
1115,595.5282666666667,7,Suture Passage
1116,596.0621333333333,7,Suture Passage
1117,596.596,7,Suture Passage
1118,597.1298666666667,7,Suture Passage
1119,597.6637333333334,7,Suture Passage
1120,598.1976000000001,7,Suture Passage
1121,598.7314666666667,7,Suture Passage
1122,599.2653333333334,7,Suture Passage
1123,599.7992,7,Suture Passage
1124,600.3330666666667,7,Suture Passage
1125,600.8669333333333,7,Suture Passage
1126,601.4008,7,Suture Passage
1127,601.9346666666667,7,Suture Passage
1128,602.4685333333334,7,Suture Passage
1129,603.0024000000001,7,Suture Passage
1130,603.5362666666667,7,Suture Passage
1131,604.0701333333334,7,Suture Passage
1132,604.604,7,Suture Passage
1133,605.1378666666667,7,Suture Passage
1134,605.6717333333333,7,Suture Passage
1135,606.2056,7,Suture Passage
1136,606.7394666666667,7,Suture Passage
1137,607.2733333333334,7,Suture Passage
1138,607.8072000000001,7,Suture Passage
1139,608.3410666666667,7,Suture Passage
1140,608.8749333333334,7,Suture Passage
1141,609.4088,7,Suture Passage
1142,609.9426666666667,7,Suture Passage
1143,610.4765333333334,7,Suture Passage
1144,611.0104,7,Suture Passage
1145,611.5442666666667,7,Suture Passage
1146,612.0781333333334,7,Suture Passage
1147,612.6120000000001,7,Suture Passage
1148,613.1458666666667,7,Suture Passage
1149,613.6797333333334,7,Suture Passage
1150,614.2136,7,Suture Passage
1151,614.7474666666667,7,Suture Passage
1152,615.2813333333334,7,Suture Passage
1153,615.8152,7,Suture Passage
1154,616.3490666666667,7,Suture Passage
1155,616.8829333333334,7,Suture Passage
1156,617.4168000000001,7,Suture Passage
1157,617.9506666666667,7,Suture Passage
1158,618.4845333333334,7,Suture Passage
1159,619.0184,7,Suture Passage
1160,619.5522666666667,7,Suture Passage
1161,620.0861333333334,7,Suture Passage
1162,620.62,7,Suture Passage
1163,621.1538666666667,7,Suture Passage
1164,621.6877333333334,7,Suture Passage
1165,622.2216000000001,7,Suture Passage
1166,622.7554666666667,7,Suture Passage
1167,623.2893333333334,7,Suture Passage
1168,623.8232,7,Suture Passage
1169,624.3570666666667,7,Suture Passage
1170,624.8909333333334,7,Suture Passage
1171,625.4248,7,Suture Passage
1172,625.9586666666667,7,Suture Passage
1173,626.4925333333334,7,Suture Passage
1174,627.0264000000001,7,Suture Passage
1175,627.5602666666667,7,Suture Passage
1176,628.0941333333334,8,Suture Tensioning
1177,628.628,8,Suture Tensioning
1178,629.1618666666667,8,Suture Tensioning
1179,629.6957333333334,8,Suture Tensioning
1180,630.2296,8,Suture Tensioning
1181,630.7634666666667,8,Suture Tensioning
1182,631.2973333333334,8,Suture Tensioning
1183,631.8312000000001,8,Suture Tensioning
1184,632.3650666666667,8,Suture Tensioning
1185,632.8989333333334,8,Suture Tensioning
1186,633.4328,8,Suture Tensioning
1187,633.9666666666667,8,Suture Tensioning
1188,634.5005333333334,8,Suture Tensioning
1189,635.0344,8,Suture Tensioning
1190,635.5682666666667,8,Suture Tensioning
1191,636.1021333333334,8,Suture Tensioning
1192,636.6360000000001,8,Suture Tensioning
1193,637.1698666666667,8,Suture Tensioning
1194,637.7037333333334,8,Suture Tensioning
1195,638.2376,8,Suture Tensioning
1196,638.7714666666667,8,Suture Tensioning
1197,639.3053333333334,8,Suture Tensioning
1198,639.8392,8,Suture Tensioning
1199,640.3730666666667,8,Suture Tensioning
1200,640.9069333333334,8,Suture Tensioning
1201,641.4408000000001,8,Suture Tensioning
1202,641.9746666666667,8,Suture Tensioning
1203,642.5085333333334,8,Suture Tensioning
1204,643.0424,8,Suture Tensioning
1205,643.5762666666667,8,Suture Tensioning
1206,644.1101333333334,8,Suture Tensioning
1207,644.644,8,Suture Tensioning
1208,645.1778666666667,8,Suture Tensioning
1209,645.7117333333334,8,Suture Tensioning
1210,646.2456000000001,8,Suture Tensioning
1211,646.7794666666667,8,Suture Tensioning
1212,647.3133333333334,8,Suture Tensioning
1213,647.8472,8,Suture Tensioning
1214,648.3810666666667,8,Suture Tensioning
1215,648.9149333333334,8,Suture Tensioning
1216,649.4488,8,Suture Tensioning
1217,649.9826666666667,8,Suture Tensioning
1218,650.5165333333334,8,Suture Tensioning
1219,651.0504000000001,8,Suture Tensioning
1220,651.5842666666667,8,Suture Tensioning
1221,652.1181333333334,8,Suture Tensioning
1222,652.652,8,Suture Tensioning
1223,653.1858666666667,0,Anchor Placement
1224,653.7197333333334,0,Anchor Placement
1225,654.2536,0,Anchor Placement
1226,654.7874666666667,0,Anchor Placement
1227,655.3213333333334,0,Anchor Placement
1228,655.8552000000001,0,Anchor Placement
1229,656.3890666666667,0,Anchor Placement
1230,656.9229333333334,0,Anchor Placement
1231,657.4568,0,Anchor Placement
1232,657.9906666666667,0,Anchor Placement
1233,658.5245333333334,0,Anchor Placement
1234,659.0584,0,Anchor Placement
1235,659.5922666666667,0,Anchor Placement
1236,660.1261333333334,0,Anchor Placement
1237,660.6600000000001,0,Anchor Placement
1238,661.1938666666667,0,Anchor Placement
1239,661.7277333333334,0,Anchor Placement
1240,662.2616,0,Anchor Placement
1241,662.7954666666667,0,Anchor Placement
1242,663.3293333333334,0,Anchor Placement
1243,663.8632,0,Anchor Placement
1244,664.3970666666667,0,Anchor Placement
1245,664.9309333333334,0,Anchor Placement
1246,665.4648000000001,0,Anchor Placement
1247,665.9986666666667,0,Anchor Placement
1248,666.5325333333334,0,Anchor Placement
1249,667.0664,0,Anchor Placement
1250,667.6002666666667,0,Anchor Placement
1251,668.1341333333334,0,Anchor Placement
1252,668.668,0,Anchor Placement
1253,669.2018666666667,0,Anchor Placement
1254,669.7357333333334,0,Anchor Placement
1255,670.2696000000001,0,Anchor Placement
1256,670.8034666666667,0,Anchor Placement
1257,671.3373333333334,0,Anchor Placement
1258,671.8712,0,Anchor Placement
1259,672.4050666666667,0,Anchor Placement
1260,672.9389333333334,0,Anchor Placement
1261,673.4728,0,Anchor Placement
1262,674.0066666666667,0,Anchor Placement
1263,674.5405333333334,0,Anchor Placement
1264,675.0744000000001,0,Anchor Placement
1265,675.6082666666667,0,Anchor Placement
1266,676.1421333333334,0,Anchor Placement
1267,676.676,0,Anchor Placement
1268,677.2098666666667,0,Anchor Placement
1269,677.7437333333334,0,Anchor Placement
1270,678.2776,0,Anchor Placement
1271,678.8114666666667,0,Anchor Placement
1272,679.3453333333334,0,Anchor Placement
1273,679.8792000000001,0,Anchor Placement
1274,680.4130666666667,0,Anchor Placement
1275,680.9469333333334,0,Anchor Placement
1276,681.4808,0,Anchor Placement
1277,682.0146666666667,0,Anchor Placement
1278,682.5485333333334,0,Anchor Placement
1279,683.0824,0,Anchor Placement
1280,683.6162666666667,0,Anchor Placement
1281,684.1501333333334,0,Anchor Placement
1282,684.6840000000001,0,Anchor Placement
1283,685.2178666666667,0,Anchor Placement
1284,685.7517333333334,0,Anchor Placement
1285,686.2856,0,Anchor Placement
1286,686.8194666666667,0,Anchor Placement
1287,687.3533333333334,0,Anchor Placement
1288,687.8872,0,Anchor Placement
1289,688.4210666666668,0,Anchor Placement
1290,688.9549333333334,0,Anchor Placement
1291,689.4888000000001,0,Anchor Placement
1292,690.0226666666667,0,Anchor Placement
1293,690.5565333333334,0,Anchor Placement
1294,691.0904,0,Anchor Placement
1295,691.6242666666667,0,Anchor Placement
1296,692.1581333333334,0,Anchor Placement
1297,692.692,0,Anchor Placement
1298,693.2258666666668,0,Anchor Placement
1299,693.7597333333334,0,Anchor Placement
1300,694.2936000000001,0,Anchor Placement
1301,694.8274666666667,0,Anchor Placement
1302,695.3613333333334,0,Anchor Placement
1303,695.8952,0,Anchor Placement
1304,696.4290666666667,0,Anchor Placement
1305,696.9629333333334,0,Anchor Placement
1306,697.4968,0,Anchor Placement
1307,698.0306666666668,0,Anchor Placement
1308,698.5645333333334,0,Anchor Placement
1309,699.0984000000001,0,Anchor Placement
1310,699.6322666666667,0,Anchor Placement
1311,700.1661333333334,0,Anchor Placement
1312,700.7,0,Anchor Placement
1313,701.2338666666667,0,Anchor Placement
1314,701.7677333333334,0,Anchor Placement
1315,702.3016,0,Anchor Placement
1316,702.8354666666668,0,Anchor Placement
1317,703.3693333333334,0,Anchor Placement
1318,703.9032000000001,0,Anchor Placement
1319,704.4370666666667,0,Anchor Placement
1320,704.9709333333334,0,Anchor Placement
1321,705.5048,0,Anchor Placement
1322,706.0386666666667,0,Anchor Placement
1323,706.5725333333334,0,Anchor Placement
1324,707.1064,0,Anchor Placement
1325,707.6402666666668,0,Anchor Placement
1326,708.1741333333334,0,Anchor Placement
1327,708.7080000000001,0,Anchor Placement
1328,709.2418666666667,0,Anchor Placement
1329,709.7757333333334,0,Anchor Placement
1330,710.3096,0,Anchor Placement
1331,710.8434666666667,0,Anchor Placement
1332,711.3773333333334,0,Anchor Placement
1333,711.9112,0,Anchor Placement
1334,712.4450666666668,0,Anchor Placement
1335,712.9789333333334,0,Anchor Placement
1336,713.5128000000001,0,Anchor Placement
1337,714.0466666666667,0,Anchor Placement
1338,714.5805333333334,0,Anchor Placement
1339,715.1144,0,Anchor Placement
1340,715.6482666666667,0,Anchor Placement
1341,716.1821333333334,0,Anchor Placement
1342,716.716,0,Anchor Placement
1343,717.2498666666668,0,Anchor Placement
1344,717.7837333333334,0,Anchor Placement
1345,718.3176000000001,0,Anchor Placement
1346,718.8514666666667,0,Anchor Placement
1347,719.3853333333334,0,Anchor Placement
1348,719.9192,0,Anchor Placement
1349,720.4530666666667,0,Anchor Placement
1350,720.9869333333334,0,Anchor Placement
1351,721.5208,0,Anchor Placement
1352,722.0546666666668,7,Suture Passage
1353,722.5885333333334,7,Suture Passage
1354,723.1224000000001,7,Suture Passage
1355,723.6562666666667,7,Suture Passage
1356,724.1901333333334,7,Suture Passage
1357,724.724,7,Suture Passage
1358,725.2578666666667,7,Suture Passage
1359,725.7917333333334,7,Suture Passage
1360,726.3256,7,Suture Passage
1361,726.8594666666668,7,Suture Passage
1362,727.3933333333334,7,Suture Passage
1363,727.9272000000001,7,Suture Passage
1364,728.4610666666667,7,Suture Passage
1365,728.9949333333334,7,Suture Passage
1366,729.5288,7,Suture Passage
1367,730.0626666666667,7,Suture Passage
1368,730.5965333333334,7,Suture Passage
1369,731.1304,7,Suture Passage
1370,731.6642666666668,7,Suture Passage
1371,732.1981333333334,7,Suture Passage
1372,732.7320000000001,7,Suture Passage
1373,733.2658666666667,7,Suture Passage
1374,733.7997333333334,7,Suture Passage
1375,734.3336,7,Suture Passage
1376,734.8674666666667,7,Suture Passage
1377,735.4013333333334,7,Suture Passage
1378,735.9352,7,Suture Passage
1379,736.4690666666668,7,Suture Passage
1380,737.0029333333334,7,Suture Passage
1381,737.5368000000001,7,Suture Passage
1382,738.0706666666667,7,Suture Passage
1383,738.6045333333334,7,Suture Passage
1384,739.1384,7,Suture Passage
1385,739.6722666666667,7,Suture Passage
1386,740.2061333333334,7,Suture Passage
1387,740.74,7,Suture Passage
1388,741.2738666666668,7,Suture Passage
1389,741.8077333333334,7,Suture Passage
1390,742.3416000000001,7,Suture Passage
1391,742.8754666666667,7,Suture Passage
1392,743.4093333333334,7,Suture Passage
1393,743.9432,7,Suture Passage
1394,744.4770666666667,7,Suture Passage
1395,745.0109333333334,7,Suture Passage
1396,745.5448,7,Suture Passage
1397,746.0786666666668,7,Suture Passage
1398,746.6125333333334,7,Suture Passage
1399,747.1464000000001,7,Suture Passage
1400,747.6802666666667,7,Suture Passage
1401,748.2141333333334,7,Suture Passage
1402,748.748,7,Suture Passage
1403,749.2818666666667,7,Suture Passage
1404,749.8157333333334,7,Suture Passage
1405,750.3496,7,Suture Passage
1406,750.8834666666668,7,Suture Passage
1407,751.4173333333334,7,Suture Passage
1408,751.9512000000001,7,Suture Passage
1409,752.4850666666667,7,Suture Passage
1410,753.0189333333334,7,Suture Passage
1411,753.5528,7,Suture Passage
1412,754.0866666666667,7,Suture Passage
1413,754.6205333333334,7,Suture Passage
1414,755.1544,7,Suture Passage
1415,755.6882666666668,7,Suture Passage
1416,756.2221333333334,7,Suture Passage
1417,756.7560000000001,7,Suture Passage
1418,757.2898666666667,7,Suture Passage
1419,757.8237333333334,7,Suture Passage
1420,758.3576,7,Suture Passage
1421,758.8914666666667,7,Suture Passage
1422,759.4253333333334,7,Suture Passage
1423,759.9592,7,Suture Passage
1424,760.4930666666668,7,Suture Passage
1425,761.0269333333334,7,Suture Passage
1426,761.5608000000001,7,Suture Passage
1427,762.0946666666667,7,Suture Passage
1428,762.6285333333334,7,Suture Passage
1429,763.1624,7,Suture Passage
1430,763.6962666666667,7,Suture Passage
1431,764.2301333333334,7,Suture Passage
1432,764.764,7,Suture Passage
1433,765.2978666666668,7,Suture Passage
1434,765.8317333333334,7,Suture Passage
1435,766.3656000000001,7,Suture Passage
1436,766.8994666666667,7,Suture Passage
1437,767.4333333333334,7,Suture Passage
1438,767.9672,7,Suture Passage
1439,768.5010666666667,7,Suture Passage
1440,769.0349333333334,7,Suture Passage
1441,769.5688,7,Suture Passage
1442,770.1026666666668,7,Suture Passage
1443,770.6365333333334,7,Suture Passage
1444,771.1704000000001,7,Suture Passage
1445,771.7042666666667,7,Suture Passage
1446,772.2381333333334,7,Suture Passage
1447,772.772,7,Suture Passage
1448,773.3058666666667,7,Suture Passage
1449,773.8397333333334,7,Suture Passage
1450,774.3736,7,Suture Passage
1451,774.9074666666668,7,Suture Passage
1452,775.4413333333334,7,Suture Passage
1453,775.9752000000001,7,Suture Passage
1454,776.5090666666667,7,Suture Passage
1455,777.0429333333334,7,Suture Passage
1456,777.5768,7,Suture Passage
1457,778.1106666666667,7,Suture Passage
1458,778.6445333333334,7,Suture Passage
1459,779.1784,7,Suture Passage
1460,779.7122666666668,7,Suture Passage
1461,780.2461333333334,7,Suture Passage
1462,780.7800000000001,7,Suture Passage
1463,781.3138666666667,7,Suture Passage
1464,781.8477333333334,7,Suture Passage
1465,782.3816,7,Suture Passage
1466,782.9154666666667,7,Suture Passage
1467,783.4493333333334,7,Suture Passage
1468,783.9832,7,Suture Passage
1469,784.5170666666668,7,Suture Passage
1470,785.0509333333334,7,Suture Passage
1471,785.5848000000001,7,Suture Passage
1472,786.1186666666667,7,Suture Passage
1473,786.6525333333334,7,Suture Passage
1474,787.1864,7,Suture Passage
1475,787.7202666666667,7,Suture Passage
1476,788.2541333333334,7,Suture Passage
1477,788.788,7,Suture Passage
1478,789.3218666666668,7,Suture Passage
1479,789.8557333333334,7,Suture Passage
1480,790.3896000000001,7,Suture Passage
1481,790.9234666666667,7,Suture Passage
1482,791.4573333333334,7,Suture Passage
1483,791.9912,7,Suture Passage
1484,792.5250666666667,7,Suture Passage
1485,793.0589333333334,7,Suture Passage
1486,793.5928,7,Suture Passage
1487,794.1266666666668,7,Suture Passage
1488,794.6605333333334,7,Suture Passage
1489,795.1944000000001,7,Suture Passage
1490,795.7282666666667,7,Suture Passage
1491,796.2621333333334,7,Suture Passage
1492,796.796,7,Suture Passage
1493,797.3298666666667,7,Suture Passage
1494,797.8637333333334,7,Suture Passage
1495,798.3976,7,Suture Passage
1496,798.9314666666668,7,Suture Passage
1497,799.4653333333334,7,Suture Passage
1498,799.9992000000001,7,Suture Passage
1499,800.5330666666667,7,Suture Passage
1500,801.0669333333334,7,Suture Passage
1501,801.6008,7,Suture Passage
1502,802.1346666666667,7,Suture Passage
1503,802.6685333333334,7,Suture Passage
1504,803.2024,7,Suture Passage
1505,803.7362666666668,7,Suture Passage
1506,804.2701333333334,7,Suture Passage
1507,804.8040000000001,7,Suture Passage
1508,805.3378666666667,7,Suture Passage
1509,805.8717333333334,7,Suture Passage
1510,806.4056,7,Suture Passage
1511,806.9394666666667,7,Suture Passage
1512,807.4733333333334,7,Suture Passage
1513,808.0072,7,Suture Passage
1514,808.5410666666668,7,Suture Passage
1515,809.0749333333334,7,Suture Passage
1516,809.6088000000001,7,Suture Passage
1517,810.1426666666667,7,Suture Passage
1518,810.6765333333334,7,Suture Passage
1519,811.2104,7,Suture Passage
1520,811.7442666666667,7,Suture Passage
1521,812.2781333333334,7,Suture Passage
1522,812.812,7,Suture Passage
1523,813.3458666666668,7,Suture Passage
1524,813.8797333333334,7,Suture Passage
1525,814.4136000000001,7,Suture Passage
1526,814.9474666666667,7,Suture Passage
1527,815.4813333333334,7,Suture Passage
1528,816.0152,7,Suture Passage
1529,816.5490666666667,7,Suture Passage
1530,817.0829333333334,7,Suture Passage
1531,817.6168,7,Suture Passage
1532,818.1506666666668,7,Suture Passage
1533,818.6845333333334,7,Suture Passage
1534,819.2184000000001,7,Suture Passage
1535,819.7522666666667,7,Suture Passage
1536,820.2861333333334,7,Suture Passage
1537,820.82,7,Suture Passage
1538,821.3538666666667,7,Suture Passage
1539,821.8877333333334,7,Suture Passage
1540,822.4216,7,Suture Passage
1541,822.9554666666668,7,Suture Passage
1542,823.4893333333334,7,Suture Passage
1543,824.0232000000001,7,Suture Passage
1544,824.5570666666667,7,Suture Passage
1545,825.0909333333334,7,Suture Passage
1546,825.6248,7,Suture Passage
1547,826.1586666666667,7,Suture Passage
1548,826.6925333333334,7,Suture Passage
1549,827.2264,7,Suture Passage
1550,827.7602666666668,7,Suture Passage
1551,828.2941333333334,7,Suture Passage
1552,828.8280000000001,7,Suture Passage
1553,829.3618666666667,7,Suture Passage
1554,829.8957333333334,7,Suture Passage
1555,830.4296,7,Suture Passage
1556,830.9634666666667,7,Suture Passage
1557,831.4973333333334,7,Suture Passage
1558,832.0312,7,Suture Passage
1559,832.5650666666668,7,Suture Passage
1560,833.0989333333334,7,Suture Passage
1561,833.6328000000001,7,Suture Passage
1562,834.1666666666667,7,Suture Passage
1563,834.7005333333334,7,Suture Passage
1564,835.2344,7,Suture Passage
1565,835.7682666666667,7,Suture Passage
1566,836.3021333333334,7,Suture Passage
1567,836.836,7,Suture Passage
1568,837.3698666666668,7,Suture Passage
1569,837.9037333333334,7,Suture Passage
1570,838.4376000000001,7,Suture Passage
1571,838.9714666666667,7,Suture Passage
1572,839.5053333333334,7,Suture Passage
1573,840.0392,7,Suture Passage
1574,840.5730666666667,7,Suture Passage
1575,841.1069333333334,7,Suture Passage
1576,841.6408,7,Suture Passage
1577,842.1746666666668,7,Suture Passage
1578,842.7085333333334,7,Suture Passage
1579,843.2424000000001,7,Suture Passage
1580,843.7762666666667,7,Suture Passage
1581,844.3101333333334,7,Suture Passage
1582,844.844,7,Suture Passage
1583,845.3778666666667,7,Suture Passage
1584,845.9117333333334,7,Suture Passage
1585,846.4456,7,Suture Passage
1586,846.9794666666668,7,Suture Passage
1587,847.5133333333334,7,Suture Passage
1588,848.0472000000001,7,Suture Passage
1589,848.5810666666667,7,Suture Passage
1590,849.1149333333334,7,Suture Passage
1591,849.6488,7,Suture Passage
1592,850.1826666666667,7,Suture Passage
1593,850.7165333333334,7,Suture Passage
1594,851.2504,7,Suture Passage
1595,851.7842666666668,7,Suture Passage
1596,852.3181333333334,7,Suture Passage
1597,852.8520000000001,7,Suture Passage
1598,853.3858666666667,7,Suture Passage
1599,853.9197333333334,7,Suture Passage
1600,854.4536,7,Suture Passage
1601,854.9874666666667,7,Suture Passage
1602,855.5213333333334,7,Suture Passage
1603,856.0552,7,Suture Passage
1604,856.5890666666668,7,Suture Passage
1605,857.1229333333334,7,Suture Passage
1606,857.6568000000001,7,Suture Passage
1607,858.1906666666667,7,Suture Passage
1608,858.7245333333334,7,Suture Passage
1609,859.2584,7,Suture Passage
1610,859.7922666666667,7,Suture Passage
1611,860.3261333333334,7,Suture Passage
1612,860.86,7,Suture Passage
1613,861.3938666666668,7,Suture Passage
1614,861.9277333333334,7,Suture Passage
1615,862.4616000000001,7,Suture Passage
1616,862.9954666666667,7,Suture Passage
1617,863.5293333333334,7,Suture Passage
1618,864.0632,7,Suture Passage
1619,864.5970666666667,7,Suture Passage
1620,865.1309333333334,7,Suture Passage
1621,865.6648,7,Suture Passage
1622,866.1986666666668,7,Suture Passage
1623,866.7325333333334,7,Suture Passage
1624,867.2664000000001,7,Suture Passage
1625,867.8002666666667,7,Suture Passage
1626,868.3341333333334,7,Suture Passage
1627,868.868,7,Suture Passage
1628,869.4018666666667,7,Suture Passage
1629,869.9357333333334,7,Suture Passage
1630,870.4696,7,Suture Passage
1631,871.0034666666668,7,Suture Passage
1632,871.5373333333334,7,Suture Passage
1633,872.0712000000001,7,Suture Passage
1634,872.6050666666667,7,Suture Passage
1635,873.1389333333334,7,Suture Passage
1636,873.6728,7,Suture Passage
1637,874.2066666666667,7,Suture Passage
1638,874.7405333333334,7,Suture Passage
1639,875.2744,7,Suture Passage
1640,875.8082666666668,7,Suture Passage
1641,876.3421333333334,7,Suture Passage
1642,876.8760000000001,7,Suture Passage
1643,877.4098666666667,7,Suture Passage
1644,877.9437333333334,7,Suture Passage
1645,878.4776,7,Suture Passage
1646,879.0114666666667,7,Suture Passage
1647,879.5453333333334,7,Suture Passage
1648,880.0792,7,Suture Passage
1649,880.6130666666668,7,Suture Passage
1650,881.1469333333334,7,Suture Passage
1651,881.6808000000001,7,Suture Passage
1652,882.2146666666667,7,Suture Passage
1653,882.7485333333334,7,Suture Passage
1654,883.2824,7,Suture Passage
1655,883.8162666666667,7,Suture Passage
1656,884.3501333333334,7,Suture Passage
1657,884.884,7,Suture Passage
1658,885.4178666666668,7,Suture Passage
1659,885.9517333333334,7,Suture Passage
1660,886.4856000000001,7,Suture Passage
1661,887.0194666666667,7,Suture Passage
1662,887.5533333333334,7,Suture Passage
1663,888.0872,7,Suture Passage
1664,888.6210666666667,7,Suture Passage
1665,889.1549333333334,7,Suture Passage
1666,889.6888,7,Suture Passage
1667,890.2226666666668,7,Suture Passage
1668,890.7565333333334,7,Suture Passage
1669,891.2904000000001,7,Suture Passage
1670,891.8242666666667,7,Suture Passage
1671,892.3581333333334,7,Suture Passage
1672,892.892,7,Suture Passage
1673,893.4258666666667,7,Suture Passage
1674,893.9597333333334,7,Suture Passage
1675,894.4936,7,Suture Passage
1676,895.0274666666668,7,Suture Passage
1677,895.5613333333334,7,Suture Passage
1678,896.0952000000001,7,Suture Passage
1679,896.6290666666667,7,Suture Passage
1680,897.1629333333334,7,Suture Passage
1681,897.6968,7,Suture Passage
1682,898.2306666666667,7,Suture Passage
1683,898.7645333333334,7,Suture Passage
1684,899.2984,7,Suture Passage
1685,899.8322666666668,7,Suture Passage
1686,900.3661333333334,7,Suture Passage
1687,900.9000000000001,7,Suture Passage
1688,901.4338666666667,7,Suture Passage
1689,901.9677333333334,7,Suture Passage
1690,902.5016,7,Suture Passage
1691,903.0354666666667,7,Suture Passage
1692,903.5693333333334,7,Suture Passage
1693,904.1032,7,Suture Passage
1694,904.6370666666668,7,Suture Passage
1695,905.1709333333334,7,Suture Passage
1696,905.7048000000001,7,Suture Passage
1697,906.2386666666667,7,Suture Passage
1698,906.7725333333334,7,Suture Passage
1699,907.3064,7,Suture Passage
1700,907.8402666666667,7,Suture Passage
1701,908.3741333333334,7,Suture Passage
1702,908.908,7,Suture Passage
1703,909.4418666666668,7,Suture Passage
1704,909.9757333333334,7,Suture Passage
1705,910.5096000000001,7,Suture Passage
1706,911.0434666666667,7,Suture Passage
1707,911.5773333333334,7,Suture Passage
1708,912.1112,7,Suture Passage
1709,912.6450666666667,7,Suture Passage
1710,913.1789333333334,7,Suture Passage
1711,913.7128,7,Suture Passage
1712,914.2466666666668,7,Suture Passage
1713,914.7805333333334,7,Suture Passage
1714,915.3144000000001,7,Suture Passage
1715,915.8482666666667,7,Suture Passage
1716,916.3821333333334,7,Suture Passage
1717,916.916,7,Suture Passage
1718,917.4498666666667,7,Suture Passage
1719,917.9837333333334,7,Suture Passage
1720,918.5176,7,Suture Passage
1721,919.0514666666668,7,Suture Passage
1722,919.5853333333334,7,Suture Passage
1723,920.1192000000001,7,Suture Passage
1724,920.6530666666667,7,Suture Passage
1725,921.1869333333334,7,Suture Passage
1726,921.7208,7,Suture Passage
1727,922.2546666666667,7,Suture Passage
1728,922.7885333333334,7,Suture Passage
1729,923.3224,7,Suture Passage
1730,923.8562666666668,7,Suture Passage
1731,924.3901333333334,7,Suture Passage
1732,924.9240000000001,7,Suture Passage
1733,925.4578666666667,7,Suture Passage
1734,925.9917333333334,7,Suture Passage
1735,926.5256,7,Suture Passage
1736,927.0594666666667,7,Suture Passage
1737,927.5933333333334,7,Suture Passage
1738,928.1272,7,Suture Passage
1739,928.6610666666668,7,Suture Passage
1740,929.1949333333334,7,Suture Passage
1741,929.7288000000001,7,Suture Passage
1742,930.2626666666667,7,Suture Passage
1743,930.7965333333334,7,Suture Passage
1744,931.3304,7,Suture Passage
1745,931.8642666666667,7,Suture Passage
1746,932.3981333333334,7,Suture Passage
1747,932.932,7,Suture Passage
1748,933.4658666666668,7,Suture Passage
1749,933.9997333333334,7,Suture Passage
1750,934.5336000000001,7,Suture Passage
1751,935.0674666666667,7,Suture Passage
1752,935.6013333333334,7,Suture Passage
1753,936.1352,7,Suture Passage
1754,936.6690666666667,7,Suture Passage
1755,937.2029333333334,7,Suture Passage
1756,937.7368,8,Suture Tensioning
1757,938.2706666666668,8,Suture Tensioning
1758,938.8045333333334,8,Suture Tensioning
1759,939.3384000000001,8,Suture Tensioning
1760,939.8722666666667,8,Suture Tensioning
1761,940.4061333333334,8,Suture Tensioning
1762,940.94,8,Suture Tensioning
1763,941.4738666666667,8,Suture Tensioning
1764,942.0077333333334,8,Suture Tensioning
1765,942.5416,8,Suture Tensioning
1766,943.0754666666668,8,Suture Tensioning
1767,943.6093333333334,8,Suture Tensioning
1768,944.1432000000001,8,Suture Tensioning
1769,944.6770666666667,8,Suture Tensioning
1770,945.2109333333334,8,Suture Tensioning
1771,945.7448,8,Suture Tensioning
1772,946.2786666666667,8,Suture Tensioning
1773,946.8125333333334,8,Suture Tensioning
1774,947.3464,8,Suture Tensioning
1775,947.8802666666668,8,Suture Tensioning
1776,948.4141333333334,8,Suture Tensioning
1777,948.9480000000001,8,Suture Tensioning
1778,949.4818666666667,8,Suture Tensioning
1779,950.0157333333334,8,Suture Tensioning
1780,950.5496,8,Suture Tensioning
1781,951.0834666666667,8,Suture Tensioning
1782,951.6173333333334,8,Suture Tensioning
1783,952.1512,8,Suture Tensioning
1784,952.6850666666668,8,Suture Tensioning
1785,953.2189333333334,8,Suture Tensioning
1786,953.7528000000001,8,Suture Tensioning
1787,954.2866666666667,8,Suture Tensioning
1788,954.8205333333334,8,Suture Tensioning
1789,955.3544,8,Suture Tensioning
1790,955.8882666666667,8,Suture Tensioning
1791,956.4221333333334,8,Suture Tensioning
1792,956.9560000000001,8,Suture Tensioning
1793,957.4898666666668,8,Suture Tensioning
1794,958.0237333333334,8,Suture Tensioning
1795,958.5576000000001,8,Suture Tensioning
1796,959.0914666666667,8,Suture Tensioning
1797,959.6253333333334,8,Suture Tensioning
1798,960.1592,8,Suture Tensioning
1799,960.6930666666667,8,Suture Tensioning
1800,961.2269333333334,8,Suture Tensioning
1801,961.7608000000001,8,Suture Tensioning
1802,962.2946666666668,8,Suture Tensioning
1803,962.8285333333334,8,Suture Tensioning
1804,963.3624000000001,8,Suture Tensioning
1805,963.8962666666667,8,Suture Tensioning
1806,964.4301333333334,8,Suture Tensioning
1807,964.964,8,Suture Tensioning
1808,965.4978666666667,8,Suture Tensioning
1809,966.0317333333334,8,Suture Tensioning
1810,966.5656000000001,8,Suture Tensioning
1811,967.0994666666668,8,Suture Tensioning
1812,967.6333333333334,8,Suture Tensioning
1813,968.1672000000001,8,Suture Tensioning
1814,968.7010666666667,8,Suture Tensioning
1815,969.2349333333334,8,Suture Tensioning
1816,969.7688,8,Suture Tensioning
1817,970.3026666666667,8,Suture Tensioning
1818,970.8365333333334,8,Suture Tensioning
1819,971.3704000000001,8,Suture Tensioning
1820,971.9042666666668,8,Suture Tensioning
1821,972.4381333333334,8,Suture Tensioning
1822,972.9720000000001,8,Suture Tensioning
1823,973.5058666666667,8,Suture Tensioning
1824,974.0397333333334,8,Suture Tensioning
1825,974.5736,8,Suture Tensioning
1826,975.1074666666667,8,Suture Tensioning
1827,975.6413333333334,8,Suture Tensioning
1828,976.1752000000001,8,Suture Tensioning
1829,976.7090666666668,8,Suture Tensioning
1830,977.2429333333334,8,Suture Tensioning
1831,977.7768000000001,8,Suture Tensioning
1832,978.3106666666667,8,Suture Tensioning
1833,978.8445333333334,8,Suture Tensioning
1834,979.3784,8,Suture Tensioning
1835,979.9122666666667,8,Suture Tensioning
1836,980.4461333333334,8,Suture Tensioning
1837,980.9800000000001,8,Suture Tensioning
1838,981.5138666666668,8,Suture Tensioning
1839,982.0477333333334,8,Suture Tensioning
1840,982.5816000000001,8,Suture Tensioning
1841,983.1154666666667,8,Suture Tensioning
1842,983.6493333333334,8,Suture Tensioning
1843,984.1832,8,Suture Tensioning
1844,984.7170666666667,8,Suture Tensioning
1845,985.2509333333334,8,Suture Tensioning
1846,985.7848000000001,8,Suture Tensioning
1847,986.3186666666668,8,Suture Tensioning
1848,986.8525333333334,8,Suture Tensioning
1849,987.3864000000001,8,Suture Tensioning
1850,987.9202666666667,8,Suture Tensioning
1851,988.4541333333334,8,Suture Tensioning
1852,988.988,8,Suture Tensioning
1853,989.5218666666667,8,Suture Tensioning
1854,990.0557333333334,8,Suture Tensioning
1855,990.5896000000001,8,Suture Tensioning
1856,991.1234666666668,8,Suture Tensioning
1857,991.6573333333334,8,Suture Tensioning
1858,992.1912000000001,8,Suture Tensioning
1859,992.7250666666667,8,Suture Tensioning
1860,993.2589333333334,8,Suture Tensioning
1861,993.7928,8,Suture Tensioning
1862,994.3266666666667,8,Suture Tensioning
1863,994.8605333333334,8,Suture Tensioning
1864,995.3944000000001,8,Suture Tensioning
1865,995.9282666666668,8,Suture Tensioning
1866,996.4621333333334,8,Suture Tensioning
1867,996.9960000000001,8,Suture Tensioning
1868,997.5298666666667,8,Suture Tensioning
1869,998.0637333333334,8,Suture Tensioning
1870,998.5976,8,Suture Tensioning
1871,999.1314666666667,8,Suture Tensioning
1872,999.6653333333334,8,Suture Tensioning
1873,1000.1992000000001,8,Suture Tensioning
1874,1000.7330666666668,8,Suture Tensioning
1875,1001.2669333333334,8,Suture Tensioning
1876,1001.8008000000001,8,Suture Tensioning
1877,1002.3346666666667,8,Suture Tensioning
1878,1002.8685333333334,8,Suture Tensioning
1879,1003.4024000000001,8,Suture Tensioning
1880,1003.9362666666667,8,Suture Tensioning
1881,1004.4701333333334,8,Suture Tensioning
1882,1005.0040000000001,8,Suture Tensioning
1883,1005.5378666666668,8,Suture Tensioning
1884,1006.0717333333334,8,Suture Tensioning
1885,1006.6056000000001,8,Suture Tensioning
1886,1007.1394666666667,8,Suture Tensioning
1887,1007.6733333333334,8,Suture Tensioning
1888,1008.2072000000001,8,Suture Tensioning
1889,1008.7410666666667,8,Suture Tensioning
1890,1009.2749333333334,8,Suture Tensioning
1891,1009.8088000000001,8,Suture Tensioning
1892,1010.3426666666668,8,Suture Tensioning
1893,1010.8765333333334,8,Suture Tensioning
1894,1011.4104000000001,8,Suture Tensioning
1895,1011.9442666666667,8,Suture Tensioning
1896,1012.4781333333334,8,Suture Tensioning
1897,1013.0120000000001,8,Suture Tensioning
1898,1013.5458666666667,8,Suture Tensioning
1899,1014.0797333333334,8,Suture Tensioning
1900,1014.6136000000001,8,Suture Tensioning
1901,1015.1474666666668,8,Suture Tensioning
1902,1015.6813333333334,8,Suture Tensioning
1903,1016.2152000000001,8,Suture Tensioning
1904,1016.7490666666667,8,Suture Tensioning
1905,1017.2829333333334,8,Suture Tensioning
1906,1017.8168000000001,8,Suture Tensioning
1907,1018.3506666666667,8,Suture Tensioning
1908,1018.8845333333334,8,Suture Tensioning
1909,1019.4184000000001,8,Suture Tensioning
1910,1019.9522666666668,8,Suture Tensioning
1911,1020.4861333333334,8,Suture Tensioning
1912,1021.0200000000001,8,Suture Tensioning
1913,1021.5538666666667,8,Suture Tensioning
1914,1022.0877333333334,8,Suture Tensioning
1915,1022.6216000000001,8,Suture Tensioning
1916,1023.1554666666667,8,Suture Tensioning
1917,1023.6893333333334,8,Suture Tensioning
1918,1024.2232000000001,8,Suture Tensioning
1919,1024.7570666666668,8,Suture Tensioning
1920,1025.2909333333334,8,Suture Tensioning
1921,1025.8248,8,Suture Tensioning
1922,1026.3586666666667,8,Suture Tensioning
1923,1026.8925333333334,8,Suture Tensioning
1924,1027.4264,8,Suture Tensioning
1925,1027.9602666666667,8,Suture Tensioning
1926,1028.4941333333334,8,Suture Tensioning
1927,1029.028,8,Suture Tensioning
1928,1029.5618666666667,8,Suture Tensioning
1929,1030.0957333333333,8,Suture Tensioning
1930,1030.6296,8,Suture Tensioning
1931,1031.1634666666666,8,Suture Tensioning
1932,1031.6973333333335,8,Suture Tensioning
1933,1032.2312000000002,8,Suture Tensioning
1934,1032.7650666666668,8,Suture Tensioning
1935,1033.2989333333335,8,Suture Tensioning
1936,1033.8328000000001,8,Suture Tensioning
1937,1034.3666666666668,8,Suture Tensioning
1938,1034.9005333333334,8,Suture Tensioning
1939,1035.4344,8,Suture Tensioning
1940,1035.9682666666668,8,Suture Tensioning
1941,1036.5021333333334,8,Suture Tensioning
1942,1037.036,8,Suture Tensioning
1943,1037.5698666666667,8,Suture Tensioning
1944,1038.1037333333334,8,Suture Tensioning
1945,1038.6376,8,Suture Tensioning
1946,1039.1714666666667,8,Suture Tensioning
1947,1039.7053333333333,8,Suture Tensioning
1948,1040.2392,8,Suture Tensioning
1949,1040.7730666666666,8,Suture Tensioning
1950,1041.3069333333335,8,Suture Tensioning
1951,1041.8408000000002,8,Suture Tensioning
1952,1042.3746666666668,8,Suture Tensioning
1953,1042.9085333333335,8,Suture Tensioning
1954,1043.4424000000001,8,Suture Tensioning
1955,1043.9762666666668,8,Suture Tensioning
1956,1044.5101333333334,8,Suture Tensioning
1957,1045.044,8,Suture Tensioning
1958,1045.5778666666668,8,Suture Tensioning
1959,1046.1117333333334,8,Suture Tensioning
1960,1046.6456,8,Suture Tensioning
1961,1047.1794666666667,8,Suture Tensioning
1962,1047.7133333333334,8,Suture Tensioning
1963,1048.2472,8,Suture Tensioning
1964,1048.7810666666667,8,Suture Tensioning
1965,1049.3149333333333,8,Suture Tensioning
1966,1049.8488,8,Suture Tensioning
1967,1050.3826666666666,8,Suture Tensioning
1968,1050.9165333333335,8,Suture Tensioning
1969,1051.4504000000002,8,Suture Tensioning
1970,1051.9842666666668,8,Suture Tensioning
1971,1052.5181333333335,8,Suture Tensioning
1972,1053.0520000000001,8,Suture Tensioning
1973,1053.5858666666668,8,Suture Tensioning
1974,1054.1197333333334,8,Suture Tensioning
1975,1054.6536,8,Suture Tensioning
1976,1055.1874666666668,8,Suture Tensioning
1977,1055.7213333333334,8,Suture Tensioning
1978,1056.2552,8,Suture Tensioning
1979,1056.7890666666667,8,Suture Tensioning
1980,1057.3229333333334,8,Suture Tensioning
1981,1057.8568,8,Suture Tensioning
1982,1058.3906666666667,8,Suture Tensioning
1983,1058.9245333333333,8,Suture Tensioning
1984,1059.4584,8,Suture Tensioning
1985,1059.9922666666666,8,Suture Tensioning
1986,1060.5261333333335,8,Suture Tensioning
1987,1061.0600000000002,8,Suture Tensioning
1988,1061.5938666666668,8,Suture Tensioning
1989,1062.1277333333335,8,Suture Tensioning
1990,1062.6616000000001,8,Suture Tensioning
1991,1063.1954666666668,8,Suture Tensioning
1992,1063.7293333333334,8,Suture Tensioning
1993,1064.2632,8,Suture Tensioning
1994,1064.7970666666668,8,Suture Tensioning
1995,1065.3309333333334,8,Suture Tensioning
1996,1065.8648,8,Suture Tensioning
1997,1066.3986666666667,8,Suture Tensioning
1998,1066.9325333333334,8,Suture Tensioning
1999,1067.4664,8,Suture Tensioning
2000,1068.0002666666667,8,Suture Tensioning
2001,1068.5341333333333,8,Suture Tensioning
2002,1069.068,8,Suture Tensioning
2003,1069.6018666666666,8,Suture Tensioning
2004,1070.1357333333335,8,Suture Tensioning
2005,1070.6696000000002,8,Suture Tensioning
2006,1071.2034666666668,8,Suture Tensioning
2007,1071.7373333333335,8,Suture Tensioning
2008,1072.2712000000001,8,Suture Tensioning
2009,1072.8050666666668,8,Suture Tensioning
2010,1073.3389333333334,8,Suture Tensioning
2011,1073.8728,8,Suture Tensioning
2012,1074.4066666666668,8,Suture Tensioning
2013,1074.9405333333334,8,Suture Tensioning
2014,1075.4744,8,Suture Tensioning
2015,1076.0082666666667,8,Suture Tensioning
2016,1076.5421333333334,8,Suture Tensioning
2017,1077.076,8,Suture Tensioning
2018,1077.6098666666667,8,Suture Tensioning
2019,1078.1437333333333,8,Suture Tensioning
2020,1078.6776,8,Suture Tensioning
2021,1079.2114666666666,8,Suture Tensioning
2022,1079.7453333333335,8,Suture Tensioning
2023,1080.2792000000002,8,Suture Tensioning
2024,1080.8130666666668,8,Suture Tensioning
2025,1081.3469333333335,8,Suture Tensioning
2026,1081.8808000000001,8,Suture Tensioning
2027,1082.4146666666668,8,Suture Tensioning
2028,1082.9485333333334,8,Suture Tensioning
2029,1083.4824,8,Suture Tensioning
2030,1084.0162666666668,8,Suture Tensioning
2031,1084.5501333333334,8,Suture Tensioning
2032,1085.084,8,Suture Tensioning
2033,1085.6178666666667,8,Suture Tensioning
2034,1086.1517333333334,8,Suture Tensioning
2035,1086.6856,8,Suture Tensioning
2036,1087.2194666666667,8,Suture Tensioning
2037,1087.7533333333333,8,Suture Tensioning
2038,1088.2872,8,Suture Tensioning
2039,1088.8210666666666,8,Suture Tensioning
2040,1089.3549333333335,8,Suture Tensioning
2041,1089.8888000000002,8,Suture Tensioning
2042,1090.4226666666668,8,Suture Tensioning
2043,1090.9565333333335,8,Suture Tensioning
2044,1091.4904000000001,8,Suture Tensioning
2045,1092.0242666666668,8,Suture Tensioning
2046,1092.5581333333334,8,Suture Tensioning
2047,1093.092,8,Suture Tensioning
2048,1093.6258666666668,8,Suture Tensioning
2049,1094.1597333333334,8,Suture Tensioning
2050,1094.6936,8,Suture Tensioning
2051,1095.2274666666667,8,Suture Tensioning
2052,1095.7613333333334,8,Suture Tensioning
2053,1096.2952,8,Suture Tensioning
2054,1096.8290666666667,8,Suture Tensioning
2055,1097.3629333333333,8,Suture Tensioning
2056,1097.8968,8,Suture Tensioning
2057,1098.4306666666669,8,Suture Tensioning
2058,1098.9645333333335,8,Suture Tensioning
2059,1099.4984000000002,8,Suture Tensioning
2060,1100.0322666666668,8,Suture Tensioning
2061,1100.5661333333335,8,Suture Tensioning
2062,1101.1000000000001,8,Suture Tensioning
2063,1101.6338666666668,8,Suture Tensioning
2064,1102.1677333333334,8,Suture Tensioning
2065,1102.7016,8,Suture Tensioning
2066,1103.2354666666668,8,Suture Tensioning
2067,1103.7693333333334,8,Suture Tensioning
2068,1104.3032,8,Suture Tensioning
2069,1104.8370666666667,8,Suture Tensioning
2070,1105.3709333333334,8,Suture Tensioning
2071,1105.9048,8,Suture Tensioning
2072,1106.4386666666667,8,Suture Tensioning
2073,1106.9725333333333,8,Suture Tensioning
2074,1107.5064,8,Suture Tensioning
2075,1108.0402666666669,8,Suture Tensioning
2076,1108.5741333333335,8,Suture Tensioning
2077,1109.1080000000002,8,Suture Tensioning
2078,1109.6418666666668,8,Suture Tensioning
2079,1110.1757333333335,8,Suture Tensioning
2080,1110.7096000000001,8,Suture Tensioning
2081,1111.2434666666668,8,Suture Tensioning
2082,1111.7773333333334,8,Suture Tensioning
2083,1112.3112,8,Suture Tensioning
2084,1112.8450666666668,8,Suture Tensioning
2085,1113.3789333333334,8,Suture Tensioning
2086,1113.9128,8,Suture Tensioning
2087,1114.4466666666667,8,Suture Tensioning
2088,1114.9805333333334,8,Suture Tensioning
2089,1115.5144,8,Suture Tensioning
2090,1116.0482666666667,8,Suture Tensioning
2091,1116.5821333333333,8,Suture Tensioning
2092,1117.116,8,Suture Tensioning
2093,1117.6498666666669,8,Suture Tensioning
2094,1118.1837333333335,8,Suture Tensioning
2095,1118.7176000000002,8,Suture Tensioning
2096,1119.2514666666668,8,Suture Tensioning
2097,1119.7853333333335,8,Suture Tensioning
2098,1120.3192000000001,8,Suture Tensioning
2099,1120.8530666666668,8,Suture Tensioning
2100,1121.3869333333334,8,Suture Tensioning
2101,1121.9208,8,Suture Tensioning
2102,1122.4546666666668,8,Suture Tensioning
2103,1122.9885333333334,8,Suture Tensioning
2104,1123.5224,8,Suture Tensioning
2105,1124.0562666666667,8,Suture Tensioning
2106,1124.5901333333334,8,Suture Tensioning
2107,1125.124,8,Suture Tensioning
2108,1125.6578666666667,8,Suture Tensioning
2109,1126.1917333333333,8,Suture Tensioning
2110,1126.7256,8,Suture Tensioning
2111,1127.2594666666669,8,Suture Tensioning
2112,1127.7933333333335,8,Suture Tensioning
2113,1128.3272000000002,8,Suture Tensioning
2114,1128.8610666666668,8,Suture Tensioning
2115,1129.3949333333335,8,Suture Tensioning
2116,1129.9288000000001,8,Suture Tensioning
2117,1130.4626666666668,8,Suture Tensioning
2118,1130.9965333333334,8,Suture Tensioning
2119,1131.5304,8,Suture Tensioning
2120,1132.0642666666668,8,Suture Tensioning
2121,1132.5981333333334,8,Suture Tensioning
2122,1133.132,8,Suture Tensioning
2123,1133.6658666666667,8,Suture Tensioning
2124,1134.1997333333334,8,Suture Tensioning
2125,1134.7336,8,Suture Tensioning
2126,1135.2674666666667,8,Suture Tensioning
2127,1135.8013333333333,8,Suture Tensioning
2128,1136.3352,8,Suture Tensioning
2129,1136.8690666666669,8,Suture Tensioning
2130,1137.4029333333335,8,Suture Tensioning
2131,1137.9368000000002,8,Suture Tensioning
2132,1138.4706666666668,8,Suture Tensioning
2133,1139.0045333333335,8,Suture Tensioning
2134,1139.5384000000001,8,Suture Tensioning
2135,1140.0722666666668,8,Suture Tensioning
2136,1140.6061333333334,8,Suture Tensioning
2137,1141.14,8,Suture Tensioning
2138,1141.6738666666668,8,Suture Tensioning
2139,1142.2077333333334,8,Suture Tensioning
2140,1142.7416,8,Suture Tensioning
2141,1143.2754666666667,8,Suture Tensioning
2142,1143.8093333333334,8,Suture Tensioning
2143,1144.3432,8,Suture Tensioning
2144,1144.8770666666667,8,Suture Tensioning
2145,1145.4109333333333,8,Suture Tensioning
2146,1145.9448,8,Suture Tensioning
2147,1146.4786666666669,8,Suture Tensioning
2148,1147.0125333333335,8,Suture Tensioning
2149,1147.5464000000002,8,Suture Tensioning
2150,1148.0802666666668,8,Suture Tensioning
2151,1148.6141333333335,8,Suture Tensioning
2152,1149.1480000000001,8,Suture Tensioning
2153,1149.6818666666668,8,Suture Tensioning
2154,1150.2157333333334,7,Suture Passage
2155,1150.7496,7,Suture Passage
2156,1151.2834666666668,7,Suture Passage
2157,1151.8173333333334,7,Suture Passage
2158,1152.3512,7,Suture Passage
2159,1152.8850666666667,7,Suture Passage
2160,1153.4189333333334,7,Suture Passage
2161,1153.9528,7,Suture Passage
2162,1154.4866666666667,7,Suture Passage
2163,1155.0205333333333,7,Suture Passage
2164,1155.5544,7,Suture Passage
2165,1156.0882666666669,7,Suture Passage
2166,1156.6221333333335,7,Suture Passage
2167,1157.1560000000002,7,Suture Passage
2168,1157.6898666666668,7,Suture Passage
2169,1158.2237333333335,7,Suture Passage
2170,1158.7576000000001,7,Suture Passage
2171,1159.2914666666668,8,Suture Tensioning
2172,1159.8253333333334,8,Suture Tensioning
2173,1160.3592,8,Suture Tensioning
2174,1160.8930666666668,8,Suture Tensioning
2175,1161.4269333333334,8,Suture Tensioning
2176,1161.9608,8,Suture Tensioning
2177,1162.4946666666667,8,Suture Tensioning
2178,1163.0285333333334,8,Suture Tensioning
2179,1163.5624,8,Suture Tensioning
2180,1164.0962666666667,8,Suture Tensioning
2181,1164.6301333333333,8,Suture Tensioning
2182,1165.164,8,Suture Tensioning
2183,1165.6978666666669,8,Suture Tensioning
2184,1166.2317333333335,8,Suture Tensioning
2185,1166.7656000000002,8,Suture Tensioning
2186,1167.2994666666668,7,Suture Passage
2187,1167.8333333333335,7,Suture Passage
2188,1168.3672000000001,7,Suture Passage
2189,1168.9010666666668,7,Suture Passage
2190,1169.4349333333334,7,Suture Passage
2191,1169.9688,7,Suture Passage
2192,1170.5026666666668,7,Suture Passage
2193,1171.0365333333334,7,Suture Passage
2194,1171.5704,7,Suture Passage
2195,1172.1042666666667,7,Suture Passage
2196,1172.6381333333334,7,Suture Passage
2197,1173.172,7,Suture Passage
2198,1173.7058666666667,7,Suture Passage
2199,1174.2397333333333,7,Suture Passage
2200,1174.7736,7,Suture Passage
2201,1175.3074666666669,7,Suture Passage
2202,1175.8413333333335,7,Suture Passage
2203,1176.3752000000002,7,Suture Passage
2204,1176.9090666666668,7,Suture Passage
2205,1177.4429333333335,7,Suture Passage
2206,1177.9768000000001,7,Suture Passage
2207,1178.5106666666668,7,Suture Passage
2208,1179.0445333333334,7,Suture Passage
2209,1179.5784,7,Suture Passage
2210,1180.1122666666668,7,Suture Passage
2211,1180.6461333333334,7,Suture Passage
2212,1181.18,7,Suture Passage
2213,1181.7138666666667,7,Suture Passage
2214,1182.2477333333334,7,Suture Passage
2215,1182.7816,7,Suture Passage
2216,1183.3154666666667,7,Suture Passage
2217,1183.8493333333333,7,Suture Passage
2218,1184.3832,7,Suture Passage
2219,1184.9170666666669,7,Suture Passage
2220,1185.4509333333335,7,Suture Passage
2221,1185.9848000000002,7,Suture Passage
2222,1186.5186666666668,7,Suture Passage
2223,1187.0525333333335,8,Suture Tensioning
2224,1187.5864000000001,8,Suture Tensioning
2225,1188.1202666666668,8,Suture Tensioning
2226,1188.6541333333334,8,Suture Tensioning
2227,1189.188,8,Suture Tensioning
2228,1189.7218666666668,8,Suture Tensioning
2229,1190.2557333333334,8,Suture Tensioning
2230,1190.7896,8,Suture Tensioning
2231,1191.3234666666667,8,Suture Tensioning
2232,1191.8573333333334,8,Suture Tensioning
2233,1192.3912,8,Suture Tensioning
2234,1192.9250666666667,8,Suture Tensioning
2235,1193.4589333333333,8,Suture Tensioning
2236,1193.9928,8,Suture Tensioning
2237,1194.5266666666669,8,Suture Tensioning
2238,1195.0605333333335,8,Suture Tensioning
2239,1195.5944000000002,8,Suture Tensioning
2240,1196.1282666666668,8,Suture Tensioning
2241,1196.6621333333335,8,Suture Tensioning
2242,1197.1960000000001,8,Suture Tensioning
2243,1197.7298666666668,8,Suture Tensioning
2244,1198.2637333333334,8,Suture Tensioning
2245,1198.7976,8,Suture Tensioning
2246,1199.3314666666668,8,Suture Tensioning
2247,1199.8653333333334,8,Suture Tensioning
2248,1200.3992,8,Suture Tensioning
2249,1200.9330666666667,7,Suture Passage
2250,1201.4669333333334,7,Suture Passage
2251,1202.0008,7,Suture Passage
2252,1202.5346666666667,7,Suture Passage
2253,1203.0685333333333,7,Suture Passage
2254,1203.6024,7,Suture Passage
2255,1204.1362666666669,7,Suture Passage
2256,1204.6701333333335,7,Suture Passage
2257,1205.2040000000002,7,Suture Passage
2258,1205.7378666666668,7,Suture Passage
2259,1206.2717333333335,0,Anchor Placement
2260,1206.8056000000001,0,Anchor Placement
2261,1207.3394666666668,0,Anchor Placement
2262,1207.8733333333334,0,Anchor Placement
2263,1208.4072,0,Anchor Placement
2264,1208.9410666666668,0,Anchor Placement
2265,1209.4749333333334,0,Anchor Placement
2266,1210.0088,0,Anchor Placement
2267,1210.5426666666667,0,Anchor Placement
2268,1211.0765333333334,0,Anchor Placement
2269,1211.6104,0,Anchor Placement
2270,1212.1442666666667,0,Anchor Placement
2271,1212.6781333333333,0,Anchor Placement
2272,1213.212,0,Anchor Placement
2273,1213.7458666666669,0,Anchor Placement
2274,1214.2797333333335,0,Anchor Placement
2275,1214.8136000000002,0,Anchor Placement
2276,1215.3474666666668,2,Final Inspection
2277,1215.8813333333335,2,Final Inspection
2278,1216.4152000000001,2,Final Inspection
2279,1216.9490666666668,2,Final Inspection
2280,1217.4829333333334,2,Final Inspection
2281,1218.0168,2,Final Inspection
2282,1218.5506666666668,2,Final Inspection
2283,1219.0845333333334,2,Final Inspection
2284,1219.6184,2,Final Inspection
2285,1220.1522666666667,2,Final Inspection
2286,1220.6861333333334,0,Anchor Placement
2287,1221.22,0,Anchor Placement
2288,1221.7538666666667,0,Anchor Placement
2289,1222.2877333333333,0,Anchor Placement
2290,1222.8216,0,Anchor Placement
2291,1223.3554666666669,0,Anchor Placement
2292,1223.8893333333335,0,Anchor Placement
2293,1224.4232000000002,0,Anchor Placement
2294,1224.9570666666668,0,Anchor Placement
2295,1225.4909333333335,0,Anchor Placement
2296,1226.0248000000001,0,Anchor Placement
2297,1226.5586666666668,0,Anchor Placement
2298,1227.0925333333334,0,Anchor Placement
2299,1227.6264,0,Anchor Placement
2300,1228.1602666666668,0,Anchor Placement
2301,1228.6941333333334,0,Anchor Placement
2302,1229.228,0,Anchor Placement
2303,1229.7618666666667,0,Anchor Placement
2304,1230.2957333333334,0,Anchor Placement
2305,1230.8296,0,Anchor Placement
2306,1231.3634666666667,0,Anchor Placement
2307,1231.8973333333333,0,Anchor Placement
2308,1232.4312,0,Anchor Placement
2309,1232.9650666666669,0,Anchor Placement
2310,1233.4989333333335,0,Anchor Placement
2311,1234.0328000000002,0,Anchor Placement
2312,1234.5666666666668,0,Anchor Placement
2313,1235.1005333333335,0,Anchor Placement
2314,1235.6344000000001,0,Anchor Placement
2315,1236.1682666666668,0,Anchor Placement
2316,1236.7021333333334,0,Anchor Placement
2317,1237.236,0,Anchor Placement
2318,1237.7698666666668,0,Anchor Placement
2319,1238.3037333333334,0,Anchor Placement
2320,1238.8376,0,Anchor Placement
2321,1239.3714666666667,0,Anchor Placement
2322,1239.9053333333334,0,Anchor Placement
2323,1240.4392,0,Anchor Placement
2324,1240.9730666666667,0,Anchor Placement
2325,1241.5069333333333,0,Anchor Placement
2326,1242.0408,0,Anchor Placement
2327,1242.5746666666669,0,Anchor Placement
2328,1243.1085333333335,0,Anchor Placement
2329,1243.6424000000002,0,Anchor Placement
2330,1244.1762666666668,0,Anchor Placement
2331,1244.7101333333335,0,Anchor Placement
2332,1245.2440000000001,0,Anchor Placement
2333,1245.7778666666668,0,Anchor Placement
2334,1246.3117333333334,0,Anchor Placement
2335,1246.8456,0,Anchor Placement
2336,1247.3794666666668,0,Anchor Placement
2337,1247.9133333333334,0,Anchor Placement
2338,1248.4472,0,Anchor Placement
2339,1248.9810666666667,0,Anchor Placement
2340,1249.5149333333334,0,Anchor Placement
2341,1250.0488,0,Anchor Placement
2342,1250.5826666666667,0,Anchor Placement
2343,1251.1165333333333,0,Anchor Placement
2344,1251.6504,0,Anchor Placement
2345,1252.1842666666669,0,Anchor Placement
2346,1252.7181333333335,0,Anchor Placement
2347,1253.2520000000002,0,Anchor Placement
2348,1253.7858666666668,0,Anchor Placement
2349,1254.3197333333335,0,Anchor Placement
2350,1254.8536000000001,0,Anchor Placement
2351,1255.3874666666668,0,Anchor Placement
2352,1255.9213333333335,0,Anchor Placement
2353,1256.4552,0,Anchor Placement
2354,1256.9890666666668,0,Anchor Placement
2355,1257.5229333333334,0,Anchor Placement
2356,1258.0568,0,Anchor Placement
2357,1258.5906666666667,0,Anchor Placement
2358,1259.1245333333334,0,Anchor Placement
2359,1259.6584,0,Anchor Placement
2360,1260.1922666666667,0,Anchor Placement
2361,1260.7261333333333,0,Anchor Placement
2362,1261.26,0,Anchor Placement
2363,1261.7938666666669,0,Anchor Placement
2364,1262.3277333333335,0,Anchor Placement
2365,1262.8616000000002,0,Anchor Placement
2366,1263.3954666666668,0,Anchor Placement
2367,1263.9293333333335,0,Anchor Placement
2368,1264.4632000000001,0,Anchor Placement
2369,1264.9970666666668,0,Anchor Placement
2370,1265.5309333333335,0,Anchor Placement
2371,1266.0648,0,Anchor Placement
2372,1266.5986666666668,0,Anchor Placement
2373,1267.1325333333334,0,Anchor Placement
2374,1267.6664,0,Anchor Placement
2375,1268.2002666666667,0,Anchor Placement
2376,1268.7341333333334,0,Anchor Placement
2377,1269.268,0,Anchor Placement
2378,1269.8018666666667,0,Anchor Placement
2379,1270.3357333333333,0,Anchor Placement
2380,1270.8696,0,Anchor Placement
2381,1271.4034666666669,0,Anchor Placement
2382,1271.9373333333335,0,Anchor Placement
2383,1272.4712000000002,0,Anchor Placement
2384,1273.0050666666668,0,Anchor Placement
2385,1273.5389333333335,0,Anchor Placement
2386,1274.0728000000001,0,Anchor Placement
2387,1274.6066666666668,0,Anchor Placement
2388,1275.1405333333335,0,Anchor Placement
2389,1275.6744,0,Anchor Placement
2390,1276.2082666666668,0,Anchor Placement
2391,1276.7421333333334,0,Anchor Placement
2392,1277.276,0,Anchor Placement
2393,1277.8098666666667,0,Anchor Placement
2394,1278.3437333333334,0,Anchor Placement
2395,1278.8776,0,Anchor Placement
2396,1279.4114666666667,0,Anchor Placement
2397,1279.9453333333333,0,Anchor Placement
2398,1280.4792,0,Anchor Placement
2399,1281.0130666666669,0,Anchor Placement
2400,1281.5469333333335,0,Anchor Placement
2401,1282.0808000000002,0,Anchor Placement
2402,1282.6146666666668,0,Anchor Placement
2403,1283.1485333333335,0,Anchor Placement
2404,1283.6824000000001,0,Anchor Placement
2405,1284.2162666666668,0,Anchor Placement
2406,1284.7501333333335,0,Anchor Placement
2407,1285.284,0,Anchor Placement
2408,1285.8178666666668,0,Anchor Placement
2409,1286.3517333333334,0,Anchor Placement
2410,1286.8856,0,Anchor Placement
2411,1287.4194666666667,0,Anchor Placement
2412,1287.9533333333334,0,Anchor Placement
2413,1288.4872,0,Anchor Placement
2414,1289.0210666666667,0,Anchor Placement
2415,1289.5549333333333,0,Anchor Placement
2416,1290.0888,0,Anchor Placement
2417,1290.6226666666669,0,Anchor Placement
2418,1291.1565333333335,0,Anchor Placement
2419,1291.6904000000002,0,Anchor Placement
2420,1292.2242666666668,0,Anchor Placement
2421,1292.7581333333335,0,Anchor Placement
2422,1293.2920000000001,0,Anchor Placement
2423,1293.8258666666668,0,Anchor Placement
2424,1294.3597333333335,0,Anchor Placement
2425,1294.8936,0,Anchor Placement
2426,1295.4274666666668,0,Anchor Placement
2427,1295.9613333333334,0,Anchor Placement
2428,1296.4952,0,Anchor Placement
2429,1297.0290666666667,0,Anchor Placement
2430,1297.5629333333334,0,Anchor Placement
2431,1298.0968,0,Anchor Placement
2432,1298.6306666666667,0,Anchor Placement
2433,1299.1645333333333,0,Anchor Placement
2434,1299.6984,0,Anchor Placement
2435,1300.2322666666669,0,Anchor Placement
2436,1300.7661333333335,0,Anchor Placement
2437,1301.3000000000002,0,Anchor Placement
2438,1301.8338666666668,0,Anchor Placement
2439,1302.3677333333335,7,Suture Passage
2440,1302.9016000000001,7,Suture Passage
2441,1303.4354666666668,7,Suture Passage
2442,1303.9693333333335,7,Suture Passage
2443,1304.5032,7,Suture Passage
2444,1305.0370666666668,7,Suture Passage
2445,1305.5709333333334,7,Suture Passage
2446,1306.1048,7,Suture Passage
2447,1306.6386666666667,7,Suture Passage
2448,1307.1725333333334,7,Suture Passage
2449,1307.7064,7,Suture Passage
2450,1308.2402666666667,7,Suture Passage
2451,1308.7741333333333,7,Suture Passage
2452,1309.308,7,Suture Passage
2453,1309.8418666666669,7,Suture Passage
2454,1310.3757333333335,7,Suture Passage
2455,1310.9096000000002,7,Suture Passage
2456,1311.4434666666668,7,Suture Passage
2457,1311.9773333333335,7,Suture Passage
2458,1312.5112000000001,7,Suture Passage
2459,1313.0450666666668,7,Suture Passage
2460,1313.5789333333335,7,Suture Passage
2461,1314.1128,7,Suture Passage
2462,1314.6466666666668,7,Suture Passage
2463,1315.1805333333334,7,Suture Passage
2464,1315.7144,7,Suture Passage
2465,1316.2482666666667,7,Suture Passage
2466,1316.7821333333334,7,Suture Passage
2467,1317.316,7,Suture Passage
2468,1317.8498666666667,7,Suture Passage
2469,1318.3837333333333,7,Suture Passage
2470,1318.9176,7,Suture Passage
2471,1319.4514666666669,7,Suture Passage
2472,1319.9853333333335,7,Suture Passage
2473,1320.5192000000002,7,Suture Passage
2474,1321.0530666666668,7,Suture Passage
2475,1321.5869333333335,7,Suture Passage
2476,1322.1208000000001,7,Suture Passage
2477,1322.6546666666668,7,Suture Passage
2478,1323.1885333333335,7,Suture Passage
2479,1323.7224,7,Suture Passage
2480,1324.2562666666668,7,Suture Passage
2481,1324.7901333333334,7,Suture Passage
2482,1325.324,7,Suture Passage
2483,1325.8578666666667,7,Suture Passage
2484,1326.3917333333334,7,Suture Passage
2485,1326.9256,7,Suture Passage
2486,1327.4594666666667,7,Suture Passage
2487,1327.9933333333333,7,Suture Passage
2488,1328.5272,7,Suture Passage
2489,1329.0610666666669,7,Suture Passage
2490,1329.5949333333335,7,Suture Passage
2491,1330.1288000000002,7,Suture Passage
2492,1330.6626666666668,7,Suture Passage
2493,1331.1965333333335,7,Suture Passage
2494,1331.7304000000001,7,Suture Passage
2495,1332.2642666666668,7,Suture Passage
2496,1332.7981333333335,7,Suture Passage
2497,1333.332,7,Suture Passage
2498,1333.8658666666668,7,Suture Passage
2499,1334.3997333333334,7,Suture Passage
2500,1334.9336,7,Suture Passage
2501,1335.4674666666667,7,Suture Passage
2502,1336.0013333333334,7,Suture Passage
2503,1336.5352,7,Suture Passage
2504,1337.0690666666667,7,Suture Passage
2505,1337.6029333333333,7,Suture Passage
2506,1338.1368,7,Suture Passage
2507,1338.6706666666669,7,Suture Passage
2508,1339.2045333333335,7,Suture Passage
2509,1339.7384000000002,7,Suture Passage
2510,1340.2722666666668,7,Suture Passage
2511,1340.8061333333335,7,Suture Passage
2512,1341.3400000000001,7,Suture Passage
2513,1341.8738666666668,7,Suture Passage
2514,1342.4077333333335,7,Suture Passage
2515,1342.9416,7,Suture Passage
2516,1343.4754666666668,7,Suture Passage
2517,1344.0093333333334,7,Suture Passage
2518,1344.5432,7,Suture Passage
2519,1345.0770666666667,7,Suture Passage
2520,1345.6109333333334,7,Suture Passage
2521,1346.1448,7,Suture Passage
2522,1346.6786666666667,7,Suture Passage
2523,1347.2125333333333,7,Suture Passage
2524,1347.7464,7,Suture Passage
2525,1348.2802666666669,7,Suture Passage
2526,1348.8141333333335,7,Suture Passage
2527,1349.3480000000002,7,Suture Passage
2528,1349.8818666666668,7,Suture Passage
2529,1350.4157333333335,7,Suture Passage
2530,1350.9496000000001,7,Suture Passage
2531,1351.4834666666668,7,Suture Passage
2532,1352.0173333333335,7,Suture Passage
2533,1352.5512,7,Suture Passage
2534,1353.0850666666668,7,Suture Passage
2535,1353.6189333333334,7,Suture Passage
2536,1354.1528,7,Suture Passage
2537,1354.6866666666667,7,Suture Passage
2538,1355.2205333333334,7,Suture Passage
2539,1355.7544,7,Suture Passage
2540,1356.2882666666667,7,Suture Passage
2541,1356.8221333333333,7,Suture Passage
2542,1357.356,7,Suture Passage
2543,1357.8898666666669,7,Suture Passage
2544,1358.4237333333335,7,Suture Passage
2545,1358.9576000000002,7,Suture Passage
2546,1359.4914666666668,7,Suture Passage
2547,1360.0253333333335,7,Suture Passage
2548,1360.5592000000001,7,Suture Passage
2549,1361.0930666666668,7,Suture Passage
2550,1361.6269333333335,7,Suture Passage
2551,1362.1608,7,Suture Passage
2552,1362.6946666666668,7,Suture Passage
2553,1363.2285333333334,7,Suture Passage
2554,1363.7624,7,Suture Passage
2555,1364.2962666666667,7,Suture Passage
2556,1364.8301333333334,7,Suture Passage
2557,1365.364,7,Suture Passage
2558,1365.8978666666667,7,Suture Passage
2559,1366.4317333333333,7,Suture Passage
2560,1366.9656,7,Suture Passage
2561,1367.4994666666669,7,Suture Passage
2562,1368.0333333333335,7,Suture Passage
2563,1368.5672000000002,7,Suture Passage
2564,1369.1010666666668,7,Suture Passage
2565,1369.6349333333335,7,Suture Passage
2566,1370.1688000000001,7,Suture Passage
2567,1370.7026666666668,7,Suture Passage
2568,1371.2365333333335,7,Suture Passage
2569,1371.7704,7,Suture Passage
2570,1372.3042666666668,7,Suture Passage
2571,1372.8381333333334,7,Suture Passage
2572,1373.372,7,Suture Passage
2573,1373.9058666666667,7,Suture Passage
2574,1374.4397333333334,7,Suture Passage
2575,1374.9736,7,Suture Passage
2576,1375.5074666666667,7,Suture Passage
2577,1376.0413333333333,7,Suture Passage
2578,1376.5752000000002,7,Suture Passage
2579,1377.1090666666669,7,Suture Passage
2580,1377.6429333333335,7,Suture Passage
2581,1378.1768000000002,7,Suture Passage
2582,1378.7106666666668,7,Suture Passage
2583,1379.2445333333335,7,Suture Passage
2584,1379.7784000000001,7,Suture Passage
2585,1380.3122666666668,7,Suture Passage
2586,1380.8461333333335,7,Suture Passage
2587,1381.38,7,Suture Passage
2588,1381.9138666666668,7,Suture Passage
2589,1382.4477333333334,7,Suture Passage
2590,1382.9816,7,Suture Passage
2591,1383.5154666666667,7,Suture Passage
2592,1384.0493333333334,7,Suture Passage
2593,1384.5832,7,Suture Passage
2594,1385.1170666666667,7,Suture Passage
2595,1385.6509333333333,7,Suture Passage
2596,1386.1848000000002,7,Suture Passage
2597,1386.7186666666669,7,Suture Passage
2598,1387.2525333333335,7,Suture Passage
2599,1387.7864000000002,7,Suture Passage
2600,1388.3202666666668,7,Suture Passage
2601,1388.8541333333335,7,Suture Passage
2602,1389.3880000000001,7,Suture Passage
2603,1389.9218666666668,7,Suture Passage
2604,1390.4557333333335,7,Suture Passage
2605,1390.9896,7,Suture Passage
2606,1391.5234666666668,7,Suture Passage
2607,1392.0573333333334,7,Suture Passage
2608,1392.5912,7,Suture Passage
2609,1393.1250666666667,7,Suture Passage
2610,1393.6589333333334,7,Suture Passage
2611,1394.1928,7,Suture Passage
2612,1394.7266666666667,7,Suture Passage
2613,1395.2605333333333,7,Suture Passage
2614,1395.7944000000002,7,Suture Passage
2615,1396.3282666666669,7,Suture Passage
2616,1396.8621333333335,7,Suture Passage
2617,1397.3960000000002,7,Suture Passage
2618,1397.9298666666668,7,Suture Passage
2619,1398.4637333333335,7,Suture Passage
2620,1398.9976000000001,7,Suture Passage
2621,1399.5314666666668,7,Suture Passage
2622,1400.0653333333335,7,Suture Passage
2623,1400.5992,7,Suture Passage
2624,1401.1330666666668,7,Suture Passage
2625,1401.6669333333334,7,Suture Passage
2626,1402.2008,7,Suture Passage
2627,1402.7346666666667,7,Suture Passage
2628,1403.2685333333334,7,Suture Passage
2629,1403.8024,7,Suture Passage
2630,1404.3362666666667,7,Suture Passage
2631,1404.8701333333333,7,Suture Passage
2632,1405.4040000000002,7,Suture Passage
2633,1405.9378666666669,7,Suture Passage
2634,1406.4717333333335,7,Suture Passage
2635,1407.0056000000002,7,Suture Passage
2636,1407.5394666666668,7,Suture Passage
2637,1408.0733333333335,7,Suture Passage
2638,1408.6072000000001,7,Suture Passage
2639,1409.1410666666668,7,Suture Passage
2640,1409.6749333333335,7,Suture Passage
2641,1410.2088,7,Suture Passage
2642,1410.7426666666668,7,Suture Passage
2643,1411.2765333333334,7,Suture Passage
2644,1411.8104,7,Suture Passage
2645,1412.3442666666667,7,Suture Passage
2646,1412.8781333333334,7,Suture Passage
2647,1413.412,7,Suture Passage
2648,1413.9458666666667,7,Suture Passage
2649,1414.4797333333333,7,Suture Passage
2650,1415.0136000000002,7,Suture Passage
2651,1415.5474666666669,7,Suture Passage
2652,1416.0813333333335,7,Suture Passage
2653,1416.6152000000002,7,Suture Passage
2654,1417.1490666666668,7,Suture Passage
2655,1417.6829333333335,7,Suture Passage
2656,1418.2168000000001,7,Suture Passage
2657,1418.7506666666668,7,Suture Passage
2658,1419.2845333333335,7,Suture Passage
2659,1419.8184,7,Suture Passage
2660,1420.3522666666668,7,Suture Passage
2661,1420.8861333333334,7,Suture Passage
2662,1421.42,7,Suture Passage
2663,1421.9538666666667,7,Suture Passage
2664,1422.4877333333334,7,Suture Passage
2665,1423.0216,7,Suture Passage
2666,1423.5554666666667,7,Suture Passage
2667,1424.0893333333333,7,Suture Passage
2668,1424.6232000000002,7,Suture Passage
2669,1425.1570666666669,7,Suture Passage
2670,1425.6909333333335,7,Suture Passage
2671,1426.2248000000002,7,Suture Passage
2672,1426.7586666666668,7,Suture Passage
2673,1427.2925333333335,7,Suture Passage
2674,1427.8264000000001,7,Suture Passage
2675,1428.3602666666668,7,Suture Passage
2676,1428.8941333333335,7,Suture Passage
2677,1429.428,7,Suture Passage
2678,1429.9618666666668,7,Suture Passage
2679,1430.4957333333334,7,Suture Passage
2680,1431.0296,7,Suture Passage
2681,1431.5634666666667,7,Suture Passage
2682,1432.0973333333334,7,Suture Passage
2683,1432.6312,7,Suture Passage
2684,1433.1650666666667,7,Suture Passage
2685,1433.6989333333333,7,Suture Passage
2686,1434.2328000000002,7,Suture Passage
2687,1434.7666666666669,7,Suture Passage
2688,1435.3005333333335,7,Suture Passage
2689,1435.8344000000002,7,Suture Passage
2690,1436.3682666666668,7,Suture Passage
2691,1436.9021333333335,7,Suture Passage
2692,1437.4360000000001,7,Suture Passage
2693,1437.9698666666668,7,Suture Passage
2694,1438.5037333333335,7,Suture Passage
2695,1439.0376,7,Suture Passage
2696,1439.5714666666668,7,Suture Passage
2697,1440.1053333333334,7,Suture Passage
2698,1440.6392,7,Suture Passage
2699,1441.1730666666667,7,Suture Passage
2700,1441.7069333333334,7,Suture Passage
2701,1442.2408,7,Suture Passage
2702,1442.7746666666667,7,Suture Passage
2703,1443.3085333333333,7,Suture Passage
2704,1443.8424000000002,7,Suture Passage
2705,1444.3762666666669,7,Suture Passage
2706,1444.9101333333335,7,Suture Passage
2707,1445.4440000000002,7,Suture Passage
2708,1445.9778666666668,7,Suture Passage
2709,1446.5117333333335,7,Suture Passage
2710,1447.0456000000001,7,Suture Passage
2711,1447.5794666666668,7,Suture Passage
2712,1448.1133333333335,7,Suture Passage
2713,1448.6472,7,Suture Passage
2714,1449.1810666666668,7,Suture Passage
2715,1449.7149333333334,7,Suture Passage
2716,1450.2488,7,Suture Passage
2717,1450.7826666666667,7,Suture Passage
2718,1451.3165333333334,7,Suture Passage
2719,1451.8504,7,Suture Passage
2720,1452.3842666666667,7,Suture Passage
2721,1452.9181333333333,7,Suture Passage
2722,1453.4520000000002,7,Suture Passage
2723,1453.9858666666669,7,Suture Passage
2724,1454.5197333333335,7,Suture Passage
2725,1455.0536000000002,7,Suture Passage
2726,1455.5874666666668,7,Suture Passage
2727,1456.1213333333335,7,Suture Passage
2728,1456.6552000000001,7,Suture Passage
2729,1457.1890666666668,7,Suture Passage
2730,1457.7229333333335,7,Suture Passage
2731,1458.2568,7,Suture Passage
2732,1458.7906666666668,7,Suture Passage
2733,1459.3245333333334,7,Suture Passage
2734,1459.8584,7,Suture Passage
2735,1460.3922666666667,7,Suture Passage
2736,1460.9261333333334,7,Suture Passage
2737,1461.46,7,Suture Passage
2738,1461.9938666666667,7,Suture Passage
2739,1462.5277333333333,7,Suture Passage
2740,1463.0616000000002,7,Suture Passage
2741,1463.5954666666669,7,Suture Passage
2742,1464.1293333333335,7,Suture Passage
2743,1464.6632000000002,7,Suture Passage
2744,1465.1970666666668,7,Suture Passage
2745,1465.7309333333335,7,Suture Passage
2746,1466.2648000000002,7,Suture Passage
2747,1466.7986666666668,7,Suture Passage
2748,1467.3325333333335,7,Suture Passage
2749,1467.8664,7,Suture Passage
2750,1468.4002666666668,7,Suture Passage
2751,1468.9341333333334,7,Suture Passage
2752,1469.468,7,Suture Passage
2753,1470.0018666666667,7,Suture Passage
2754,1470.5357333333334,7,Suture Passage
2755,1471.0696,7,Suture Passage
2756,1471.6034666666667,7,Suture Passage
2757,1472.1373333333333,7,Suture Passage
2758,1472.6712000000002,7,Suture Passage
2759,1473.2050666666669,7,Suture Passage
2760,1473.7389333333335,7,Suture Passage
2761,1474.2728000000002,7,Suture Passage
2762,1474.8066666666668,7,Suture Passage
2763,1475.3405333333335,7,Suture Passage
2764,1475.8744000000002,7,Suture Passage
2765,1476.4082666666668,7,Suture Passage
2766,1476.9421333333335,7,Suture Passage
2767,1477.476,7,Suture Passage
2768,1478.0098666666668,7,Suture Passage
2769,1478.5437333333334,7,Suture Passage
2770,1479.0776,7,Suture Passage
2771,1479.6114666666667,7,Suture Passage
2772,1480.1453333333334,7,Suture Passage
2773,1480.6792,7,Suture Passage
2774,1481.2130666666667,7,Suture Passage
2775,1481.7469333333333,7,Suture Passage
2776,1482.2808000000002,7,Suture Passage
2777,1482.8146666666669,7,Suture Passage
2778,1483.3485333333335,7,Suture Passage
2779,1483.8824000000002,7,Suture Passage
2780,1484.4162666666668,7,Suture Passage
2781,1484.9501333333335,7,Suture Passage
2782,1485.4840000000002,7,Suture Passage
2783,1486.0178666666668,7,Suture Passage
2784,1486.5517333333335,7,Suture Passage
2785,1487.0856,7,Suture Passage
2786,1487.6194666666668,7,Suture Passage
2787,1488.1533333333334,7,Suture Passage
2788,1488.6872,7,Suture Passage
2789,1489.2210666666667,7,Suture Passage
2790,1489.7549333333334,7,Suture Passage
2791,1490.2888,7,Suture Passage
2792,1490.8226666666667,7,Suture Passage
2793,1491.3565333333333,7,Suture Passage
2794,1491.8904000000002,7,Suture Passage
2795,1492.4242666666669,7,Suture Passage
2796,1492.9581333333335,7,Suture Passage
2797,1493.4920000000002,7,Suture Passage
2798,1494.0258666666668,7,Suture Passage
2799,1494.5597333333335,7,Suture Passage
2800,1495.0936000000002,7,Suture Passage
2801,1495.6274666666668,7,Suture Passage
2802,1496.1613333333335,7,Suture Passage
2803,1496.6952,7,Suture Passage
2804,1497.2290666666668,7,Suture Passage
2805,1497.7629333333334,7,Suture Passage
2806,1498.2968,7,Suture Passage
2807,1498.8306666666667,7,Suture Passage
2808,1499.3645333333334,7,Suture Passage
2809,1499.8984,7,Suture Passage
2810,1500.4322666666667,7,Suture Passage
2811,1500.9661333333333,7,Suture Passage
2812,1501.5000000000002,7,Suture Passage
2813,1502.0338666666669,7,Suture Passage
2814,1502.5677333333335,7,Suture Passage
2815,1503.1016000000002,7,Suture Passage
2816,1503.6354666666668,7,Suture Passage
2817,1504.1693333333335,7,Suture Passage
2818,1504.7032000000002,7,Suture Passage
2819,1505.2370666666668,7,Suture Passage
2820,1505.7709333333335,7,Suture Passage
2821,1506.3048000000001,7,Suture Passage
2822,1506.8386666666668,7,Suture Passage
2823,1507.3725333333334,7,Suture Passage
2824,1507.9064,7,Suture Passage
2825,1508.4402666666667,7,Suture Passage
2826,1508.9741333333334,7,Suture Passage
2827,1509.508,7,Suture Passage
2828,1510.0418666666667,7,Suture Passage
2829,1510.5757333333333,7,Suture Passage
2830,1511.1096000000002,7,Suture Passage
2831,1511.6434666666669,7,Suture Passage
2832,1512.1773333333335,7,Suture Passage
2833,1512.7112000000002,7,Suture Passage
2834,1513.2450666666668,7,Suture Passage
2835,1513.7789333333335,7,Suture Passage
2836,1514.3128000000002,7,Suture Passage
2837,1514.8466666666668,7,Suture Passage
2838,1515.3805333333335,7,Suture Passage
2839,1515.9144000000001,7,Suture Passage
2840,1516.4482666666668,7,Suture Passage
2841,1516.9821333333334,7,Suture Passage
2842,1517.516,7,Suture Passage
2843,1518.0498666666667,7,Suture Passage
2844,1518.5837333333334,7,Suture Passage
2845,1519.1176,7,Suture Passage
2846,1519.6514666666667,8,Suture Tensioning
2847,1520.1853333333333,8,Suture Tensioning
2848,1520.7192000000002,8,Suture Tensioning
2849,1521.2530666666669,8,Suture Tensioning
2850,1521.7869333333335,8,Suture Tensioning
2851,1522.3208000000002,8,Suture Tensioning
2852,1522.8546666666668,8,Suture Tensioning
2853,1523.3885333333335,8,Suture Tensioning
2854,1523.9224000000002,8,Suture Tensioning
2855,1524.4562666666668,8,Suture Tensioning
2856,1524.9901333333335,8,Suture Tensioning
2857,1525.5240000000001,8,Suture Tensioning
2858,1526.0578666666668,8,Suture Tensioning
2859,1526.5917333333334,8,Suture Tensioning
2860,1527.1256,8,Suture Tensioning
2861,1527.6594666666667,8,Suture Tensioning
2862,1528.1933333333334,8,Suture Tensioning
2863,1528.7272,8,Suture Tensioning
2864,1529.2610666666667,8,Suture Tensioning
2865,1529.7949333333333,8,Suture Tensioning
2866,1530.3288000000002,8,Suture Tensioning
2867,1530.8626666666669,8,Suture Tensioning
2868,1531.3965333333335,8,Suture Tensioning
2869,1531.9304000000002,8,Suture Tensioning
2870,1532.4642666666668,8,Suture Tensioning
2871,1532.9981333333335,8,Suture Tensioning
2872,1533.5320000000002,8,Suture Tensioning
2873,1534.0658666666668,8,Suture Tensioning
2874,1534.5997333333335,8,Suture Tensioning
2875,1535.1336000000001,8,Suture Tensioning
2876,1535.6674666666668,8,Suture Tensioning
2877,1536.2013333333334,8,Suture Tensioning
2878,1536.7352,8,Suture Tensioning
2879,1537.2690666666667,8,Suture Tensioning
2880,1537.8029333333334,8,Suture Tensioning
2881,1538.3368,8,Suture Tensioning
2882,1538.8706666666667,8,Suture Tensioning
2883,1539.4045333333333,8,Suture Tensioning
2884,1539.9384000000002,8,Suture Tensioning
2885,1540.4722666666669,8,Suture Tensioning
2886,1541.0061333333335,8,Suture Tensioning
2887,1541.5400000000002,8,Suture Tensioning
2888,1542.0738666666668,8,Suture Tensioning
2889,1542.6077333333335,8,Suture Tensioning
2890,1543.1416000000002,8,Suture Tensioning
2891,1543.6754666666668,8,Suture Tensioning
2892,1544.2093333333335,8,Suture Tensioning
2893,1544.7432000000001,8,Suture Tensioning
2894,1545.2770666666668,8,Suture Tensioning
2895,1545.8109333333334,8,Suture Tensioning
2896,1546.3448,8,Suture Tensioning
2897,1546.8786666666667,8,Suture Tensioning
2898,1547.4125333333334,8,Suture Tensioning
2899,1547.9464,8,Suture Tensioning
2900,1548.4802666666667,8,Suture Tensioning
2901,1549.0141333333333,8,Suture Tensioning
2902,1549.5480000000002,8,Suture Tensioning
2903,1550.0818666666669,8,Suture Tensioning
2904,1550.6157333333335,8,Suture Tensioning
2905,1551.1496000000002,8,Suture Tensioning
2906,1551.6834666666668,8,Suture Tensioning
2907,1552.2173333333335,8,Suture Tensioning
2908,1552.7512000000002,8,Suture Tensioning
2909,1553.2850666666668,8,Suture Tensioning
2910,1553.8189333333335,8,Suture Tensioning
2911,1554.3528000000001,8,Suture Tensioning
2912,1554.8866666666668,8,Suture Tensioning
2913,1555.4205333333334,8,Suture Tensioning
2914,1555.9544,8,Suture Tensioning
2915,1556.4882666666667,8,Suture Tensioning
2916,1557.0221333333334,8,Suture Tensioning
2917,1557.556,8,Suture Tensioning
2918,1558.0898666666667,8,Suture Tensioning
2919,1558.6237333333333,8,Suture Tensioning
2920,1559.1576000000002,8,Suture Tensioning
2921,1559.6914666666669,8,Suture Tensioning
2922,1560.2253333333335,8,Suture Tensioning
2923,1560.7592000000002,8,Suture Tensioning
2924,1561.2930666666668,8,Suture Tensioning
2925,1561.8269333333335,8,Suture Tensioning
2926,1562.3608000000002,8,Suture Tensioning
2927,1562.8946666666668,8,Suture Tensioning
2928,1563.4285333333335,8,Suture Tensioning
2929,1563.9624000000001,8,Suture Tensioning
2930,1564.4962666666668,8,Suture Tensioning
2931,1565.0301333333334,8,Suture Tensioning
2932,1565.564,8,Suture Tensioning
2933,1566.0978666666667,8,Suture Tensioning
2934,1566.6317333333334,8,Suture Tensioning
2935,1567.1656,8,Suture Tensioning
2936,1567.6994666666667,8,Suture Tensioning
2937,1568.2333333333333,8,Suture Tensioning
2938,1568.7672000000002,8,Suture Tensioning
2939,1569.3010666666669,8,Suture Tensioning
2940,1569.8349333333335,8,Suture Tensioning
2941,1570.3688000000002,8,Suture Tensioning
2942,1570.9026666666668,8,Suture Tensioning
2943,1571.4365333333335,8,Suture Tensioning
2944,1571.9704000000002,8,Suture Tensioning
2945,1572.5042666666668,8,Suture Tensioning
2946,1573.0381333333335,8,Suture Tensioning
2947,1573.5720000000001,8,Suture Tensioning
2948,1574.1058666666668,8,Suture Tensioning
2949,1574.6397333333334,8,Suture Tensioning
2950,1575.1736,8,Suture Tensioning
2951,1575.7074666666667,8,Suture Tensioning
2952,1576.2413333333334,8,Suture Tensioning
2953,1576.7752,8,Suture Tensioning
2954,1577.3090666666667,8,Suture Tensioning
2955,1577.8429333333333,8,Suture Tensioning
2956,1578.3768000000002,8,Suture Tensioning
2957,1578.9106666666669,8,Suture Tensioning
2958,1579.4445333333335,8,Suture Tensioning
2959,1579.9784000000002,8,Suture Tensioning
2960,1580.5122666666668,8,Suture Tensioning
2961,1581.0461333333335,8,Suture Tensioning
2962,1581.5800000000002,8,Suture Tensioning
2963,1582.1138666666668,8,Suture Tensioning
2964,1582.6477333333335,8,Suture Tensioning
2965,1583.1816000000001,8,Suture Tensioning
2966,1583.7154666666668,8,Suture Tensioning
2967,1584.2493333333334,8,Suture Tensioning
2968,1584.7832,8,Suture Tensioning
2969,1585.3170666666667,8,Suture Tensioning
2970,1585.8509333333334,8,Suture Tensioning
2971,1586.3848,8,Suture Tensioning
2972,1586.9186666666667,8,Suture Tensioning
2973,1587.4525333333333,8,Suture Tensioning
2974,1587.9864000000002,8,Suture Tensioning
2975,1588.5202666666669,8,Suture Tensioning
2976,1589.0541333333335,8,Suture Tensioning
2977,1589.5880000000002,8,Suture Tensioning
2978,1590.1218666666668,8,Suture Tensioning
2979,1590.6557333333335,8,Suture Tensioning
2980,1591.1896000000002,8,Suture Tensioning
2981,1591.7234666666668,8,Suture Tensioning
2982,1592.2573333333335,8,Suture Tensioning
2983,1592.7912000000001,8,Suture Tensioning
2984,1593.3250666666668,8,Suture Tensioning
2985,1593.8589333333334,8,Suture Tensioning
2986,1594.3928,8,Suture Tensioning
2987,1594.9266666666667,8,Suture Tensioning
2988,1595.4605333333334,8,Suture Tensioning
2989,1595.9944,8,Suture Tensioning
2990,1596.5282666666667,8,Suture Tensioning
2991,1597.0621333333333,8,Suture Tensioning
2992,1597.5960000000002,8,Suture Tensioning
2993,1598.1298666666669,8,Suture Tensioning
2994,1598.6637333333335,8,Suture Tensioning
2995,1599.1976000000002,8,Suture Tensioning
2996,1599.7314666666668,8,Suture Tensioning
2997,1600.2653333333335,8,Suture Tensioning
2998,1600.7992000000002,8,Suture Tensioning
2999,1601.3330666666668,8,Suture Tensioning
3000,1601.8669333333335,8,Suture Tensioning
3001,1602.4008000000001,8,Suture Tensioning
3002,1602.9346666666668,8,Suture Tensioning
3003,1603.4685333333334,8,Suture Tensioning
3004,1604.0024,8,Suture Tensioning
3005,1604.5362666666667,8,Suture Tensioning
3006,1605.0701333333334,8,Suture Tensioning
3007,1605.604,8,Suture Tensioning
3008,1606.1378666666667,8,Suture Tensioning
3009,1606.6717333333333,8,Suture Tensioning
3010,1607.2056000000002,8,Suture Tensioning
3011,1607.7394666666669,8,Suture Tensioning
3012,1608.2733333333335,8,Suture Tensioning
3013,1608.8072000000002,8,Suture Tensioning
3014,1609.3410666666668,8,Suture Tensioning
3015,1609.8749333333335,8,Suture Tensioning
3016,1610.4088000000002,8,Suture Tensioning
3017,1610.9426666666668,8,Suture Tensioning
3018,1611.4765333333335,8,Suture Tensioning
3019,1612.0104000000001,8,Suture Tensioning
3020,1612.5442666666668,8,Suture Tensioning
3021,1613.0781333333334,8,Suture Tensioning
3022,1613.612,8,Suture Tensioning
3023,1614.1458666666667,8,Suture Tensioning
3024,1614.6797333333334,8,Suture Tensioning
3025,1615.2136,8,Suture Tensioning
3026,1615.7474666666667,8,Suture Tensioning
3027,1616.2813333333334,8,Suture Tensioning
3028,1616.8152000000002,8,Suture Tensioning
3029,1617.3490666666669,8,Suture Tensioning
3030,1617.8829333333335,8,Suture Tensioning
3031,1618.4168000000002,8,Suture Tensioning
3032,1618.9506666666668,8,Suture Tensioning
3033,1619.4845333333335,8,Suture Tensioning
3034,1620.0184000000002,8,Suture Tensioning
3035,1620.5522666666668,8,Suture Tensioning
3036,1621.0861333333335,8,Suture Tensioning
3037,1621.6200000000001,8,Suture Tensioning
3038,1622.1538666666668,8,Suture Tensioning
3039,1622.6877333333334,0,Anchor Placement
3040,1623.2216,0,Anchor Placement
3041,1623.7554666666667,0,Anchor Placement
3042,1624.2893333333334,0,Anchor Placement
3043,1624.8232,0,Anchor Placement
3044,1625.3570666666667,0,Anchor Placement
3045,1625.8909333333334,0,Anchor Placement
3046,1626.4248000000002,0,Anchor Placement
3047,1626.9586666666669,0,Anchor Placement
3048,1627.4925333333335,0,Anchor Placement
3049,1628.0264000000002,0,Anchor Placement
3050,1628.5602666666668,0,Anchor Placement
3051,1629.0941333333335,0,Anchor Placement
3052,1629.6280000000002,0,Anchor Placement
3053,1630.1618666666668,0,Anchor Placement
3054,1630.6957333333335,0,Anchor Placement
3055,1631.2296000000001,0,Anchor Placement
3056,1631.7634666666668,0,Anchor Placement
3057,1632.2973333333334,0,Anchor Placement
3058,1632.8312,0,Anchor Placement
3059,1633.3650666666667,0,Anchor Placement
3060,1633.8989333333334,0,Anchor Placement
3061,1634.4328,0,Anchor Placement
3062,1634.9666666666667,0,Anchor Placement
3063,1635.5005333333334,0,Anchor Placement
3064,1636.0344000000002,0,Anchor Placement
3065,1636.568266666667,0,Anchor Placement
3066,1637.1021333333335,0,Anchor Placement
3067,1637.6360000000002,0,Anchor Placement
3068,1638.1698666666668,0,Anchor Placement
3069,1638.7037333333335,0,Anchor Placement
3070,1639.2376000000002,0,Anchor Placement
3071,1639.7714666666668,0,Anchor Placement
3072,1640.3053333333335,0,Anchor Placement
3073,1640.8392000000001,0,Anchor Placement
3074,1641.3730666666668,0,Anchor Placement
3075,1641.9069333333334,0,Anchor Placement
3076,1642.4408,0,Anchor Placement
3077,1642.9746666666667,0,Anchor Placement
3078,1643.5085333333334,0,Anchor Placement
3079,1644.0424,0,Anchor Placement
3080,1644.5762666666667,0,Anchor Placement
3081,1645.1101333333336,0,Anchor Placement
3082,1645.6440000000002,0,Anchor Placement
3083,1646.177866666667,0,Anchor Placement
3084,1646.7117333333335,0,Anchor Placement
3085,1647.2456000000002,0,Anchor Placement
3086,1647.7794666666668,0,Anchor Placement
3087,1648.3133333333335,0,Anchor Placement
3088,1648.8472000000002,0,Anchor Placement
3089,1649.3810666666668,0,Anchor Placement
3090,1649.9149333333335,0,Anchor Placement
3091,1650.4488000000001,0,Anchor Placement
3092,1650.9826666666668,0,Anchor Placement
3093,1651.5165333333334,0,Anchor Placement
3094,1652.0504,0,Anchor Placement
3095,1652.5842666666667,0,Anchor Placement
3096,1653.1181333333334,0,Anchor Placement
3097,1653.652,0,Anchor Placement
3098,1654.1858666666667,0,Anchor Placement
3099,1654.7197333333336,0,Anchor Placement
3100,1655.2536000000002,0,Anchor Placement
3101,1655.787466666667,0,Anchor Placement
3102,1656.3213333333335,0,Anchor Placement
3103,1656.8552000000002,0,Anchor Placement
3104,1657.3890666666668,0,Anchor Placement
3105,1657.9229333333335,0,Anchor Placement
3106,1658.4568000000002,0,Anchor Placement
3107,1658.9906666666668,0,Anchor Placement
3108,1659.5245333333335,0,Anchor Placement
3109,1660.0584000000001,0,Anchor Placement
3110,1660.5922666666668,0,Anchor Placement
3111,1661.1261333333334,0,Anchor Placement
3112,1661.66,0,Anchor Placement
3113,1662.1938666666667,0,Anchor Placement
3114,1662.7277333333334,0,Anchor Placement
3115,1663.2616,0,Anchor Placement
3116,1663.7954666666667,0,Anchor Placement
3117,1664.3293333333336,0,Anchor Placement
3118,1664.8632000000002,0,Anchor Placement
3119,1665.397066666667,0,Anchor Placement
3120,1665.9309333333335,0,Anchor Placement
3121,1666.4648000000002,0,Anchor Placement
3122,1666.9986666666668,0,Anchor Placement
3123,1667.5325333333335,0,Anchor Placement
3124,1668.0664000000002,0,Anchor Placement
3125,1668.6002666666668,0,Anchor Placement
3126,1669.1341333333335,0,Anchor Placement
3127,1669.6680000000001,0,Anchor Placement
3128,1670.2018666666668,0,Anchor Placement
3129,1670.7357333333334,0,Anchor Placement
3130,1671.2696,0,Anchor Placement
3131,1671.8034666666667,0,Anchor Placement
3132,1672.3373333333334,0,Anchor Placement
3133,1672.8712,0,Anchor Placement
3134,1673.4050666666667,0,Anchor Placement
3135,1673.9389333333336,0,Anchor Placement
3136,1674.4728000000002,0,Anchor Placement
3137,1675.006666666667,0,Anchor Placement
3138,1675.5405333333335,0,Anchor Placement
3139,1676.0744000000002,0,Anchor Placement
3140,1676.6082666666669,0,Anchor Placement
3141,1677.1421333333335,0,Anchor Placement
3142,1677.6760000000002,0,Anchor Placement
3143,1678.2098666666668,0,Anchor Placement
3144,1678.7437333333335,0,Anchor Placement
3145,1679.2776000000001,0,Anchor Placement
3146,1679.8114666666668,0,Anchor Placement
3147,1680.3453333333334,0,Anchor Placement
3148,1680.8792,0,Anchor Placement
3149,1681.4130666666667,0,Anchor Placement
3150,1681.9469333333334,0,Anchor Placement
3151,1682.4808,0,Anchor Placement
3152,1683.0146666666667,0,Anchor Placement
3153,1683.5485333333336,0,Anchor Placement
3154,1684.0824000000002,0,Anchor Placement
3155,1684.616266666667,0,Anchor Placement
3156,1685.1501333333335,0,Anchor Placement
3157,1685.6840000000002,0,Anchor Placement
3158,1686.2178666666669,0,Anchor Placement
3159,1686.7517333333335,0,Anchor Placement
3160,1687.2856000000002,0,Anchor Placement
3161,1687.8194666666668,0,Anchor Placement
3162,1688.3533333333335,0,Anchor Placement
3163,1688.8872000000001,0,Anchor Placement
3164,1689.4210666666668,0,Anchor Placement
3165,1689.9549333333334,0,Anchor Placement
3166,1690.4888,0,Anchor Placement
3167,1691.0226666666667,0,Anchor Placement
3168,1691.5565333333334,0,Anchor Placement
3169,1692.0904,0,Anchor Placement
3170,1692.6242666666667,0,Anchor Placement
3171,1693.1581333333336,0,Anchor Placement
3172,1693.6920000000002,0,Anchor Placement
3173,1694.225866666667,0,Anchor Placement
3174,1694.7597333333335,0,Anchor Placement
3175,1695.2936000000002,0,Anchor Placement
3176,1695.8274666666669,0,Anchor Placement
3177,1696.3613333333335,0,Anchor Placement
3178,1696.8952000000002,0,Anchor Placement
3179,1697.4290666666668,0,Anchor Placement
3180,1697.9629333333335,0,Anchor Placement
3181,1698.4968000000001,0,Anchor Placement
3182,1699.0306666666668,0,Anchor Placement
3183,1699.5645333333334,0,Anchor Placement
3184,1700.0984,0,Anchor Placement
3185,1700.6322666666667,0,Anchor Placement
3186,1701.1661333333334,0,Anchor Placement
3187,1701.7,0,Anchor Placement
3188,1702.2338666666667,0,Anchor Placement
3189,1702.7677333333336,0,Anchor Placement
3190,1703.3016000000002,0,Anchor Placement
3191,1703.835466666667,0,Anchor Placement
3192,1704.3693333333335,0,Anchor Placement
3193,1704.9032000000002,0,Anchor Placement
3194,1705.4370666666669,0,Anchor Placement
3195,1705.9709333333335,0,Anchor Placement
3196,1706.5048000000002,0,Anchor Placement
3197,1707.0386666666668,0,Anchor Placement
3198,1707.5725333333335,0,Anchor Placement
3199,1708.1064000000001,0,Anchor Placement
3200,1708.6402666666668,0,Anchor Placement
3201,1709.1741333333334,0,Anchor Placement
3202,1709.708,0,Anchor Placement
3203,1710.2418666666667,0,Anchor Placement
3204,1710.7757333333334,0,Anchor Placement
3205,1711.3096,0,Anchor Placement
3206,1711.8434666666667,0,Anchor Placement
3207,1712.3773333333336,0,Anchor Placement
3208,1712.9112000000002,0,Anchor Placement
3209,1713.445066666667,0,Anchor Placement
3210,1713.9789333333335,0,Anchor Placement
3211,1714.5128000000002,0,Anchor Placement
3212,1715.0466666666669,0,Anchor Placement
3213,1715.5805333333335,0,Anchor Placement
3214,1716.1144000000002,0,Anchor Placement
3215,1716.6482666666668,0,Anchor Placement
3216,1717.1821333333335,0,Anchor Placement
3217,1717.7160000000001,0,Anchor Placement
3218,1718.2498666666668,0,Anchor Placement
3219,1718.7837333333334,0,Anchor Placement
3220,1719.3176,0,Anchor Placement
3221,1719.8514666666667,0,Anchor Placement
3222,1720.3853333333334,0,Anchor Placement
3223,1720.9192,0,Anchor Placement
3224,1721.4530666666667,0,Anchor Placement
3225,1721.9869333333336,0,Anchor Placement
3226,1722.5208000000002,0,Anchor Placement
3227,1723.054666666667,0,Anchor Placement
3228,1723.5885333333335,0,Anchor Placement
3229,1724.1224000000002,0,Anchor Placement
3230,1724.6562666666669,0,Anchor Placement
3231,1725.1901333333335,0,Anchor Placement
3232,1725.7240000000002,0,Anchor Placement
3233,1726.2578666666668,0,Anchor Placement
3234,1726.7917333333335,0,Anchor Placement
3235,1727.3256000000001,0,Anchor Placement
3236,1727.8594666666668,0,Anchor Placement
3237,1728.3933333333334,0,Anchor Placement
3238,1728.9272,0,Anchor Placement
3239,1729.4610666666667,0,Anchor Placement
3240,1729.9949333333334,0,Anchor Placement
3241,1730.5288,0,Anchor Placement
3242,1731.0626666666667,0,Anchor Placement
3243,1731.5965333333336,0,Anchor Placement
3244,1732.1304000000002,0,Anchor Placement
3245,1732.664266666667,0,Anchor Placement
3246,1733.1981333333335,0,Anchor Placement
3247,1733.7320000000002,0,Anchor Placement
3248,1734.2658666666669,0,Anchor Placement
3249,1734.7997333333335,0,Anchor Placement
3250,1735.3336000000002,0,Anchor Placement
3251,1735.8674666666668,0,Anchor Placement
3252,1736.4013333333335,0,Anchor Placement
3253,1736.9352000000001,0,Anchor Placement
3254,1737.4690666666668,0,Anchor Placement
3255,1738.0029333333334,0,Anchor Placement
3256,1738.5368,0,Anchor Placement
3257,1739.0706666666667,0,Anchor Placement
3258,1739.6045333333334,0,Anchor Placement
3259,1740.1384,0,Anchor Placement
3260,1740.6722666666667,0,Anchor Placement
3261,1741.2061333333336,0,Anchor Placement
3262,1741.7400000000002,0,Anchor Placement
3263,1742.273866666667,0,Anchor Placement
3264,1742.8077333333335,0,Anchor Placement
3265,1743.3416000000002,0,Anchor Placement
3266,1743.8754666666669,0,Anchor Placement
3267,1744.4093333333335,0,Anchor Placement
3268,1744.9432000000002,0,Anchor Placement
3269,1745.4770666666668,0,Anchor Placement
3270,1746.0109333333335,0,Anchor Placement
3271,1746.5448000000001,0,Anchor Placement
3272,1747.0786666666668,0,Anchor Placement
3273,1747.6125333333334,0,Anchor Placement
3274,1748.1464,0,Anchor Placement
3275,1748.6802666666667,0,Anchor Placement
3276,1749.2141333333334,0,Anchor Placement
3277,1749.748,7,Suture Passage
3278,1750.2818666666667,7,Suture Passage
3279,1750.8157333333336,7,Suture Passage
3280,1751.3496000000002,7,Suture Passage
3281,1751.883466666667,7,Suture Passage
3282,1752.4173333333335,7,Suture Passage
3283,1752.9512000000002,7,Suture Passage
3284,1753.4850666666669,7,Suture Passage
3285,1754.0189333333335,7,Suture Passage
3286,1754.5528000000002,7,Suture Passage
3287,1755.0866666666668,7,Suture Passage
3288,1755.6205333333335,7,Suture Passage
3289,1756.1544000000001,7,Suture Passage
3290,1756.6882666666668,7,Suture Passage
3291,1757.2221333333334,7,Suture Passage
3292,1757.756,7,Suture Passage
3293,1758.2898666666667,7,Suture Passage
3294,1758.8237333333334,7,Suture Passage
3295,1759.3576,7,Suture Passage
3296,1759.8914666666667,7,Suture Passage
3297,1760.4253333333336,7,Suture Passage
3298,1760.9592000000002,7,Suture Passage
3299,1761.493066666667,7,Suture Passage
3300,1762.0269333333335,7,Suture Passage
3301,1762.5608000000002,7,Suture Passage
3302,1763.0946666666669,7,Suture Passage
3303,1763.6285333333335,7,Suture Passage
3304,1764.1624000000002,7,Suture Passage
3305,1764.6962666666668,7,Suture Passage
3306,1765.2301333333335,7,Suture Passage
3307,1765.7640000000001,7,Suture Passage
3308,1766.2978666666668,7,Suture Passage
3309,1766.8317333333334,7,Suture Passage
3310,1767.3656,7,Suture Passage
3311,1767.8994666666667,7,Suture Passage
3312,1768.4333333333334,7,Suture Passage
3313,1768.9672,7,Suture Passage
3314,1769.5010666666667,7,Suture Passage
3315,1770.0349333333336,7,Suture Passage
3316,1770.5688000000002,7,Suture Passage
3317,1771.102666666667,7,Suture Passage
3318,1771.6365333333335,7,Suture Passage
3319,1772.1704000000002,7,Suture Passage
3320,1772.7042666666669,7,Suture Passage
3321,1773.2381333333335,7,Suture Passage
3322,1773.7720000000002,7,Suture Passage
3323,1774.3058666666668,7,Suture Passage
3324,1774.8397333333335,7,Suture Passage
3325,1775.3736000000001,7,Suture Passage
3326,1775.9074666666668,7,Suture Passage
3327,1776.4413333333334,7,Suture Passage
3328,1776.9752,7,Suture Passage
3329,1777.5090666666667,7,Suture Passage
3330,1778.0429333333334,7,Suture Passage
3331,1778.5768,7,Suture Passage
3332,1779.1106666666667,7,Suture Passage
3333,1779.6445333333336,7,Suture Passage
3334,1780.1784000000002,7,Suture Passage
3335,1780.712266666667,7,Suture Passage
3336,1781.2461333333335,7,Suture Passage
3337,1781.7800000000002,7,Suture Passage
3338,1782.3138666666669,0,Anchor Placement
3339,1782.8477333333335,0,Anchor Placement
3340,1783.3816000000002,0,Anchor Placement
3341,1783.9154666666668,0,Anchor Placement
3342,1784.4493333333335,0,Anchor Placement
3343,1784.9832000000001,0,Anchor Placement
3344,1785.5170666666668,7,Suture Passage
3345,1786.0509333333334,7,Suture Passage
3346,1786.5848,7,Suture Passage
3347,1787.1186666666667,7,Suture Passage
3348,1787.6525333333334,7,Suture Passage
3349,1788.1864,7,Suture Passage
3350,1788.7202666666667,7,Suture Passage
3351,1789.2541333333336,7,Suture Passage
3352,1789.7880000000002,7,Suture Passage
3353,1790.321866666667,7,Suture Passage
3354,1790.8557333333335,7,Suture Passage
3355,1791.3896000000002,7,Suture Passage
3356,1791.9234666666669,7,Suture Passage
3357,1792.4573333333335,7,Suture Passage
3358,1792.9912000000002,7,Suture Passage
3359,1793.5250666666668,7,Suture Passage
3360,1794.0589333333335,7,Suture Passage
3361,1794.5928000000001,7,Suture Passage
3362,1795.1266666666668,7,Suture Passage
3363,1795.6605333333334,7,Suture Passage
3364,1796.1944,7,Suture Passage
3365,1796.7282666666667,7,Suture Passage
3366,1797.2621333333334,7,Suture Passage
3367,1797.796,7,Suture Passage
3368,1798.3298666666667,7,Suture Passage
3369,1798.8637333333336,7,Suture Passage
3370,1799.3976000000002,7,Suture Passage
3371,1799.931466666667,7,Suture Passage
3372,1800.4653333333335,7,Suture Passage
3373,1800.9992000000002,7,Suture Passage
3374,1801.5330666666669,7,Suture Passage
3375,1802.0669333333335,7,Suture Passage
3376,1802.6008000000002,7,Suture Passage
3377,1803.1346666666668,7,Suture Passage
3378,1803.6685333333335,7,Suture Passage
3379,1804.2024000000001,7,Suture Passage
3380,1804.7362666666668,7,Suture Passage
3381,1805.2701333333334,7,Suture Passage
3382,1805.804,7,Suture Passage
3383,1806.3378666666667,7,Suture Passage
3384,1806.8717333333334,7,Suture Passage
3385,1807.4056,7,Suture Passage
3386,1807.9394666666667,7,Suture Passage
3387,1808.4733333333336,7,Suture Passage
3388,1809.0072000000002,7,Suture Passage
3389,1809.541066666667,7,Suture Passage
3390,1810.0749333333335,7,Suture Passage
3391,1810.6088000000002,7,Suture Passage
3392,1811.1426666666669,7,Suture Passage
3393,1811.6765333333335,7,Suture Passage
3394,1812.2104000000002,7,Suture Passage
3395,1812.7442666666668,7,Suture Passage
3396,1813.2781333333335,7,Suture Passage
3397,1813.8120000000001,7,Suture Passage
3398,1814.3458666666668,7,Suture Passage
3399,1814.8797333333334,7,Suture Passage
3400,1815.4136,7,Suture Passage
3401,1815.9474666666667,7,Suture Passage
3402,1816.4813333333334,7,Suture Passage
3403,1817.0152,7,Suture Passage
3404,1817.5490666666667,7,Suture Passage
3405,1818.0829333333336,7,Suture Passage
3406,1818.6168000000002,7,Suture Passage
3407,1819.150666666667,7,Suture Passage
3408,1819.6845333333335,7,Suture Passage
3409,1820.2184000000002,7,Suture Passage
3410,1820.7522666666669,7,Suture Passage
3411,1821.2861333333335,7,Suture Passage
3412,1821.8200000000002,7,Suture Passage
3413,1822.3538666666668,7,Suture Passage
3414,1822.8877333333335,7,Suture Passage
3415,1823.4216000000001,7,Suture Passage
3416,1823.9554666666668,7,Suture Passage
3417,1824.4893333333334,7,Suture Passage
3418,1825.0232,7,Suture Passage
3419,1825.5570666666667,7,Suture Passage
3420,1826.0909333333334,7,Suture Passage
3421,1826.6248,7,Suture Passage
3422,1827.1586666666667,7,Suture Passage
3423,1827.6925333333336,7,Suture Passage
3424,1828.2264000000002,7,Suture Passage
3425,1828.760266666667,7,Suture Passage
3426,1829.2941333333335,7,Suture Passage
3427,1829.8280000000002,7,Suture Passage
3428,1830.3618666666669,7,Suture Passage
3429,1830.8957333333335,7,Suture Passage
3430,1831.4296000000002,7,Suture Passage
3431,1831.9634666666668,7,Suture Passage
3432,1832.4973333333335,7,Suture Passage
3433,1833.0312000000001,7,Suture Passage
3434,1833.5650666666668,7,Suture Passage
3435,1834.0989333333334,7,Suture Passage
3436,1834.6328,7,Suture Passage
3437,1835.1666666666667,7,Suture Passage
3438,1835.7005333333334,7,Suture Passage
3439,1836.2344,7,Suture Passage
3440,1836.7682666666667,7,Suture Passage
3441,1837.3021333333336,7,Suture Passage
3442,1837.8360000000002,7,Suture Passage
3443,1838.369866666667,7,Suture Passage
3444,1838.9037333333335,7,Suture Passage
3445,1839.4376000000002,7,Suture Passage
3446,1839.9714666666669,7,Suture Passage
3447,1840.5053333333335,7,Suture Passage
3448,1841.0392000000002,7,Suture Passage
3449,1841.5730666666668,7,Suture Passage
3450,1842.1069333333335,7,Suture Passage
3451,1842.6408000000001,7,Suture Passage
3452,1843.1746666666668,7,Suture Passage
3453,1843.7085333333334,7,Suture Passage
3454,1844.2424,7,Suture Passage
3455,1844.7762666666667,7,Suture Passage
3456,1845.3101333333334,7,Suture Passage
3457,1845.844,7,Suture Passage
3458,1846.3778666666667,7,Suture Passage
3459,1846.9117333333336,7,Suture Passage
3460,1847.4456000000002,7,Suture Passage
3461,1847.979466666667,7,Suture Passage
3462,1848.5133333333335,7,Suture Passage
3463,1849.0472000000002,7,Suture Passage
3464,1849.5810666666669,7,Suture Passage
3465,1850.1149333333335,7,Suture Passage
3466,1850.6488000000002,7,Suture Passage
3467,1851.1826666666668,7,Suture Passage
3468,1851.7165333333335,7,Suture Passage
3469,1852.2504000000001,7,Suture Passage
3470,1852.7842666666668,7,Suture Passage
3471,1853.3181333333334,7,Suture Passage
3472,1853.852,7,Suture Passage
3473,1854.3858666666667,7,Suture Passage
3474,1854.9197333333334,7,Suture Passage
3475,1855.4536,7,Suture Passage
3476,1855.9874666666667,7,Suture Passage
3477,1856.5213333333336,7,Suture Passage
3478,1857.0552000000002,7,Suture Passage
3479,1857.589066666667,7,Suture Passage
3480,1858.1229333333335,7,Suture Passage
3481,1858.6568000000002,7,Suture Passage
3482,1859.1906666666669,7,Suture Passage
3483,1859.7245333333335,7,Suture Passage
3484,1860.2584000000002,7,Suture Passage
3485,1860.7922666666668,7,Suture Passage
3486,1861.3261333333335,7,Suture Passage
3487,1861.8600000000001,7,Suture Passage
3488,1862.3938666666668,7,Suture Passage
3489,1862.9277333333334,7,Suture Passage
3490,1863.4616,7,Suture Passage
3491,1863.9954666666667,7,Suture Passage
3492,1864.5293333333334,7,Suture Passage
3493,1865.0632,7,Suture Passage
3494,1865.5970666666667,7,Suture Passage
3495,1866.1309333333336,7,Suture Passage
3496,1866.6648000000002,7,Suture Passage
3497,1867.198666666667,7,Suture Passage
3498,1867.7325333333335,7,Suture Passage
3499,1868.2664000000002,7,Suture Passage
3500,1868.8002666666669,7,Suture Passage
3501,1869.3341333333335,7,Suture Passage
3502,1869.8680000000002,7,Suture Passage
3503,1870.4018666666668,7,Suture Passage
3504,1870.9357333333335,7,Suture Passage
3505,1871.4696000000001,7,Suture Passage
3506,1872.0034666666668,7,Suture Passage
3507,1872.5373333333334,7,Suture Passage
3508,1873.0712,7,Suture Passage
3509,1873.6050666666667,7,Suture Passage
3510,1874.1389333333334,7,Suture Passage
3511,1874.6728,7,Suture Passage
3512,1875.2066666666667,7,Suture Passage
3513,1875.7405333333336,7,Suture Passage
3514,1876.2744000000002,7,Suture Passage
3515,1876.808266666667,7,Suture Passage
3516,1877.3421333333335,7,Suture Passage
3517,1877.8760000000002,7,Suture Passage
3518,1878.4098666666669,7,Suture Passage
3519,1878.9437333333335,7,Suture Passage
3520,1879.4776000000002,7,Suture Passage
3521,1880.0114666666668,7,Suture Passage
3522,1880.5453333333335,7,Suture Passage
3523,1881.0792000000001,7,Suture Passage
3524,1881.6130666666668,7,Suture Passage
3525,1882.1469333333334,7,Suture Passage
3526,1882.6808,7,Suture Passage
3527,1883.2146666666667,7,Suture Passage
3528,1883.7485333333334,7,Suture Passage
3529,1884.2824,7,Suture Passage
3530,1884.8162666666667,7,Suture Passage
3531,1885.3501333333336,7,Suture Passage
3532,1885.8840000000002,7,Suture Passage
3533,1886.417866666667,7,Suture Passage
3534,1886.9517333333336,7,Suture Passage
3535,1887.4856000000002,7,Suture Passage
3536,1888.0194666666669,7,Suture Passage
3537,1888.5533333333335,7,Suture Passage
3538,1889.0872000000002,7,Suture Passage
3539,1889.6210666666668,7,Suture Passage
3540,1890.1549333333335,7,Suture Passage
3541,1890.6888000000001,7,Suture Passage
3542,1891.2226666666668,7,Suture Passage
3543,1891.7565333333334,7,Suture Passage
3544,1892.2904,7,Suture Passage
3545,1892.8242666666667,7,Suture Passage
3546,1893.3581333333334,7,Suture Passage
3547,1893.892,7,Suture Passage
3548,1894.4258666666667,7,Suture Passage
3549,1894.9597333333336,7,Suture Passage
3550,1895.4936000000002,7,Suture Passage
3551,1896.027466666667,7,Suture Passage
3552,1896.5613333333336,7,Suture Passage
3553,1897.0952000000002,7,Suture Passage
3554,1897.6290666666669,7,Suture Passage
3555,1898.1629333333335,7,Suture Passage
3556,1898.6968000000002,7,Suture Passage
3557,1899.2306666666668,7,Suture Passage
3558,1899.7645333333335,7,Suture Passage
3559,1900.2984000000001,7,Suture Passage
3560,1900.8322666666668,7,Suture Passage
3561,1901.3661333333334,7,Suture Passage
3562,1901.9,7,Suture Passage
3563,1902.4338666666667,7,Suture Passage
3564,1902.9677333333334,7,Suture Passage
3565,1903.5016,7,Suture Passage
3566,1904.0354666666667,7,Suture Passage
3567,1904.5693333333336,7,Suture Passage
3568,1905.1032000000002,7,Suture Passage
3569,1905.637066666667,7,Suture Passage
3570,1906.1709333333336,7,Suture Passage
3571,1906.7048000000002,7,Suture Passage
3572,1907.2386666666669,7,Suture Passage
3573,1907.7725333333335,7,Suture Passage
3574,1908.3064000000002,7,Suture Passage
3575,1908.8402666666668,7,Suture Passage
3576,1909.3741333333335,7,Suture Passage
3577,1909.9080000000001,7,Suture Passage
3578,1910.4418666666668,7,Suture Passage
3579,1910.9757333333334,7,Suture Passage
3580,1911.5096,7,Suture Passage
3581,1912.0434666666667,7,Suture Passage
3582,1912.5773333333334,7,Suture Passage
3583,1913.1112,7,Suture Passage
3584,1913.645066666667,7,Suture Passage
3585,1914.1789333333336,7,Suture Passage
3586,1914.7128000000002,7,Suture Passage
3587,1915.246666666667,7,Suture Passage
3588,1915.7805333333336,7,Suture Passage
3589,1916.3144000000002,7,Suture Passage
3590,1916.8482666666669,7,Suture Passage
3591,1917.3821333333335,7,Suture Passage
3592,1917.9160000000002,7,Suture Passage
3593,1918.4498666666668,7,Suture Passage
3594,1918.9837333333335,7,Suture Passage
3595,1919.5176000000001,7,Suture Passage
3596,1920.0514666666668,7,Suture Passage
3597,1920.5853333333334,7,Suture Passage
3598,1921.1192,7,Suture Passage
3599,1921.6530666666667,7,Suture Passage
3600,1922.1869333333334,7,Suture Passage
3601,1922.7208,7,Suture Passage
3602,1923.254666666667,7,Suture Passage
3603,1923.7885333333336,7,Suture Passage
3604,1924.3224000000002,8,Suture Tensioning
3605,1924.856266666667,8,Suture Tensioning
3606,1925.3901333333336,8,Suture Tensioning
3607,1925.9240000000002,8,Suture Tensioning
3608,1926.4578666666669,8,Suture Tensioning
3609,1926.9917333333335,8,Suture Tensioning
3610,1927.5256000000002,8,Suture Tensioning
3611,1928.0594666666668,8,Suture Tensioning
3612,1928.5933333333335,8,Suture Tensioning
3613,1929.1272000000001,8,Suture Tensioning
3614,1929.6610666666668,8,Suture Tensioning
3615,1930.1949333333334,8,Suture Tensioning
3616,1930.7288,8,Suture Tensioning
3617,1931.2626666666667,8,Suture Tensioning
3618,1931.7965333333334,8,Suture Tensioning
3619,1932.3304,8,Suture Tensioning
3620,1932.864266666667,7,Suture Passage
3621,1933.3981333333336,7,Suture Passage
3622,1933.9320000000002,7,Suture Passage
3623,1934.465866666667,7,Suture Passage
3624,1934.9997333333336,7,Suture Passage
3625,1935.5336000000002,7,Suture Passage
3626,1936.0674666666669,7,Suture Passage
3627,1936.6013333333335,7,Suture Passage
3628,1937.1352000000002,7,Suture Passage
3629,1937.6690666666668,7,Suture Passage
3630,1938.2029333333335,7,Suture Passage
3631,1938.7368000000001,7,Suture Passage
3632,1939.2706666666668,7,Suture Passage
3633,1939.8045333333334,7,Suture Passage
3634,1940.3384,7,Suture Passage
3635,1940.8722666666667,8,Suture Tensioning
3636,1941.4061333333334,8,Suture Tensioning
3637,1941.94,8,Suture Tensioning
3638,1942.473866666667,8,Suture Tensioning
3639,1943.0077333333336,8,Suture Tensioning
3640,1943.5416000000002,8,Suture Tensioning
3641,1944.075466666667,8,Suture Tensioning
3642,1944.6093333333336,8,Suture Tensioning
3643,1945.1432000000002,8,Suture Tensioning
3644,1945.6770666666669,8,Suture Tensioning
3645,1946.2109333333335,8,Suture Tensioning
3646,1946.7448000000002,8,Suture Tensioning
3647,1947.2786666666668,8,Suture Tensioning
3648,1947.8125333333335,8,Suture Tensioning
3649,1948.3464000000001,8,Suture Tensioning
3650,1948.8802666666668,8,Suture Tensioning
3651,1949.4141333333334,8,Suture Tensioning
3652,1949.948,8,Suture Tensioning
3653,1950.4818666666667,8,Suture Tensioning
3654,1951.0157333333334,8,Suture Tensioning
3655,1951.5496,8,Suture Tensioning
3656,1952.083466666667,8,Suture Tensioning
3657,1952.6173333333336,8,Suture Tensioning
3658,1953.1512000000002,8,Suture Tensioning
3659,1953.685066666667,8,Suture Tensioning
3660,1954.2189333333336,8,Suture Tensioning
3661,1954.7528000000002,8,Suture Tensioning
3662,1955.2866666666669,8,Suture Tensioning
3663,1955.8205333333335,8,Suture Tensioning
3664,1956.3544000000002,8,Suture Tensioning
3665,1956.8882666666668,8,Suture Tensioning
3666,1957.4221333333335,8,Suture Tensioning
3667,1957.9560000000001,8,Suture Tensioning
3668,1958.4898666666668,8,Suture Tensioning
3669,1959.0237333333334,8,Suture Tensioning
3670,1959.5576,8,Suture Tensioning
3671,1960.0914666666667,8,Suture Tensioning
3672,1960.6253333333334,8,Suture Tensioning
3673,1961.1592,8,Suture Tensioning
3674,1961.693066666667,8,Suture Tensioning
3675,1962.2269333333336,8,Suture Tensioning
3676,1962.7608000000002,8,Suture Tensioning
3677,1963.294666666667,8,Suture Tensioning
3678,1963.8285333333336,8,Suture Tensioning
3679,1964.3624000000002,8,Suture Tensioning
3680,1964.8962666666669,8,Suture Tensioning
3681,1965.4301333333335,8,Suture Tensioning
3682,1965.9640000000002,8,Suture Tensioning
3683,1966.4978666666668,8,Suture Tensioning
3684,1967.0317333333335,8,Suture Tensioning
3685,1967.5656000000001,8,Suture Tensioning
3686,1968.0994666666668,8,Suture Tensioning
3687,1968.6333333333334,8,Suture Tensioning
3688,1969.1672,8,Suture Tensioning
3689,1969.7010666666667,8,Suture Tensioning
3690,1970.2349333333334,8,Suture Tensioning
3691,1970.7688,8,Suture Tensioning
3692,1971.302666666667,8,Suture Tensioning
3693,1971.8365333333336,8,Suture Tensioning
3694,1972.3704000000002,8,Suture Tensioning
3695,1972.904266666667,8,Suture Tensioning
3696,1973.4381333333336,8,Suture Tensioning
3697,1973.9720000000002,8,Suture Tensioning
3698,1974.5058666666669,8,Suture Tensioning
3699,1975.0397333333335,8,Suture Tensioning
3700,1975.5736000000002,8,Suture Tensioning
3701,1976.1074666666668,8,Suture Tensioning
3702,1976.6413333333335,8,Suture Tensioning
3703,1977.1752000000001,8,Suture Tensioning
3704,1977.7090666666668,8,Suture Tensioning
3705,1978.2429333333334,8,Suture Tensioning
3706,1978.7768,8,Suture Tensioning
3707,1979.3106666666667,8,Suture Tensioning
3708,1979.8445333333334,8,Suture Tensioning
3709,1980.3784,8,Suture Tensioning
3710,1980.912266666667,8,Suture Tensioning
3711,1981.4461333333336,8,Suture Tensioning
3712,1981.9800000000002,8,Suture Tensioning
3713,1982.513866666667,8,Suture Tensioning
3714,1983.0477333333336,8,Suture Tensioning
3715,1983.5816000000002,8,Suture Tensioning
3716,1984.1154666666669,8,Suture Tensioning
3717,1984.6493333333335,8,Suture Tensioning
3718,1985.1832000000002,8,Suture Tensioning
3719,1985.7170666666668,8,Suture Tensioning
3720,1986.2509333333335,8,Suture Tensioning
3721,1986.7848000000001,8,Suture Tensioning
3722,1987.3186666666668,8,Suture Tensioning
3723,1987.8525333333334,8,Suture Tensioning
3724,1988.3864,8,Suture Tensioning
3725,1988.9202666666667,8,Suture Tensioning
3726,1989.4541333333334,8,Suture Tensioning
3727,1989.988,8,Suture Tensioning
3728,1990.521866666667,8,Suture Tensioning
3729,1991.0557333333336,8,Suture Tensioning
3730,1991.5896000000002,8,Suture Tensioning
3731,1992.123466666667,8,Suture Tensioning
3732,1992.6573333333336,8,Suture Tensioning
3733,1993.1912000000002,8,Suture Tensioning
3734,1993.7250666666669,8,Suture Tensioning
3735,1994.2589333333335,8,Suture Tensioning
3736,1994.7928000000002,8,Suture Tensioning
3737,1995.3266666666668,8,Suture Tensioning
3738,1995.8605333333335,8,Suture Tensioning
3739,1996.3944000000001,8,Suture Tensioning
3740,1996.9282666666668,8,Suture Tensioning
3741,1997.4621333333334,8,Suture Tensioning
3742,1997.996,8,Suture Tensioning
3743,1998.5298666666667,8,Suture Tensioning
3744,1999.0637333333334,8,Suture Tensioning
3745,1999.5976,8,Suture Tensioning
3746,2000.131466666667,8,Suture Tensioning
3747,2000.6653333333336,8,Suture Tensioning
3748,2001.1992000000002,8,Suture Tensioning
3749,2001.733066666667,8,Suture Tensioning
3750,2002.2669333333336,8,Suture Tensioning
3751,2002.8008000000002,8,Suture Tensioning
3752,2003.3346666666669,8,Suture Tensioning
3753,2003.8685333333335,8,Suture Tensioning
3754,2004.4024000000002,8,Suture Tensioning
3755,2004.9362666666668,8,Suture Tensioning
3756,2005.4701333333335,8,Suture Tensioning
3757,2006.0040000000001,8,Suture Tensioning
3758,2006.5378666666668,8,Suture Tensioning
3759,2007.0717333333334,8,Suture Tensioning
3760,2007.6056,8,Suture Tensioning
3761,2008.1394666666667,8,Suture Tensioning
3762,2008.6733333333334,8,Suture Tensioning
3763,2009.2072,8,Suture Tensioning
3764,2009.741066666667,8,Suture Tensioning
3765,2010.2749333333336,8,Suture Tensioning
3766,2010.8088000000002,8,Suture Tensioning
3767,2011.342666666667,8,Suture Tensioning
3768,2011.8765333333336,8,Suture Tensioning
3769,2012.4104000000002,8,Suture Tensioning
3770,2012.9442666666669,8,Suture Tensioning
3771,2013.4781333333335,8,Suture Tensioning
3772,2014.0120000000002,8,Suture Tensioning
3773,2014.5458666666668,8,Suture Tensioning
3774,2015.0797333333335,8,Suture Tensioning
3775,2015.6136000000001,8,Suture Tensioning
3776,2016.1474666666668,8,Suture Tensioning
3777,2016.6813333333334,8,Suture Tensioning
3778,2017.2152,8,Suture Tensioning
3779,2017.7490666666667,8,Suture Tensioning
3780,2018.2829333333334,8,Suture Tensioning
3781,2018.8168,8,Suture Tensioning
3782,2019.350666666667,8,Suture Tensioning
3783,2019.8845333333336,8,Suture Tensioning
3784,2020.4184000000002,8,Suture Tensioning
3785,2020.952266666667,8,Suture Tensioning
3786,2021.4861333333336,8,Suture Tensioning
3787,2022.0200000000002,8,Suture Tensioning
3788,2022.5538666666669,8,Suture Tensioning
3789,2023.0877333333335,8,Suture Tensioning
3790,2023.6216000000002,8,Suture Tensioning
3791,2024.1554666666668,8,Suture Tensioning
3792,2024.6893333333335,8,Suture Tensioning
3793,2025.2232000000001,8,Suture Tensioning
3794,2025.7570666666668,8,Suture Tensioning
3795,2026.2909333333334,8,Suture Tensioning
3796,2026.8248,8,Suture Tensioning
3797,2027.3586666666667,8,Suture Tensioning
3798,2027.8925333333334,8,Suture Tensioning
3799,2028.4264,8,Suture Tensioning
3800,2028.960266666667,8,Suture Tensioning
3801,2029.4941333333336,8,Suture Tensioning
3802,2030.0280000000002,8,Suture Tensioning
3803,2030.561866666667,8,Suture Tensioning
3804,2031.0957333333336,8,Suture Tensioning
3805,2031.6296000000002,8,Suture Tensioning
3806,2032.1634666666669,8,Suture Tensioning
3807,2032.6973333333335,8,Suture Tensioning
3808,2033.2312000000002,8,Suture Tensioning
3809,2033.7650666666668,8,Suture Tensioning
3810,2034.2989333333335,8,Suture Tensioning
3811,2034.8328000000001,8,Suture Tensioning
3812,2035.3666666666668,8,Suture Tensioning
3813,2035.9005333333334,8,Suture Tensioning
3814,2036.4344,0,Anchor Placement
3815,2036.9682666666668,0,Anchor Placement
3816,2037.5021333333334,0,Anchor Placement
3817,2038.036,0,Anchor Placement
3818,2038.569866666667,0,Anchor Placement
3819,2039.1037333333336,0,Anchor Placement
3820,2039.6376000000002,0,Anchor Placement
3821,2040.171466666667,0,Anchor Placement
3822,2040.7053333333336,0,Anchor Placement
3823,2041.2392000000002,0,Anchor Placement
3824,2041.7730666666669,0,Anchor Placement
3825,2042.3069333333335,0,Anchor Placement
3826,2042.8408000000002,0,Anchor Placement
3827,2043.3746666666668,0,Anchor Placement
3828,2043.9085333333335,0,Anchor Placement
3829,2044.4424000000001,0,Anchor Placement
3830,2044.9762666666668,0,Anchor Placement
3831,2045.5101333333334,0,Anchor Placement
3832,2046.044,0,Anchor Placement
3833,2046.5778666666668,0,Anchor Placement
3834,2047.1117333333334,0,Anchor Placement
3835,2047.6456,0,Anchor Placement
3836,2048.179466666667,0,Anchor Placement
3837,2048.7133333333336,0,Anchor Placement
3838,2049.2472000000002,0,Anchor Placement
3839,2049.781066666667,0,Anchor Placement
3840,2050.3149333333336,0,Anchor Placement
3841,2050.8488,0,Anchor Placement
3842,2051.382666666667,0,Anchor Placement
3843,2051.9165333333335,0,Anchor Placement
3844,2052.4504,0,Anchor Placement
3845,2052.984266666667,0,Anchor Placement
3846,2053.5181333333335,0,Anchor Placement
3847,2054.052,0,Anchor Placement
3848,2054.585866666667,0,Anchor Placement
3849,2055.1197333333334,0,Anchor Placement
3850,2055.6536,0,Anchor Placement
3851,2056.1874666666668,0,Anchor Placement
3852,2056.7213333333334,0,Anchor Placement
3853,2057.2552,0,Anchor Placement
3854,2057.7890666666667,0,Anchor Placement
3855,2058.3229333333334,0,Anchor Placement
3856,2058.8568,0,Anchor Placement
3857,2059.3906666666667,0,Anchor Placement
3858,2059.9245333333333,0,Anchor Placement
3859,2060.4584,0,Anchor Placement
3860,2060.9922666666666,0,Anchor Placement
3861,2061.5261333333333,0,Anchor Placement
3862,2062.06,0,Anchor Placement
3863,2062.593866666667,0,Anchor Placement
3864,2063.1277333333337,0,Anchor Placement
3865,2063.6616000000004,0,Anchor Placement
3866,2064.195466666667,0,Anchor Placement
3867,2064.7293333333337,0,Anchor Placement
3868,2065.2632000000003,0,Anchor Placement
3869,2065.797066666667,0,Anchor Placement
3870,2066.3309333333336,0,Anchor Placement
3871,2066.8648000000003,0,Anchor Placement
3872,2067.398666666667,0,Anchor Placement
3873,2067.9325333333336,0,Anchor Placement
3874,2068.4664000000002,0,Anchor Placement
3875,2069.000266666667,0,Anchor Placement
3876,2069.5341333333336,0,Anchor Placement
3877,2070.068,0,Anchor Placement
3878,2070.601866666667,0,Anchor Placement
3879,2071.1357333333335,0,Anchor Placement
3880,2071.6696,0,Anchor Placement
3881,2072.203466666667,0,Anchor Placement
3882,2072.7373333333335,0,Anchor Placement
3883,2073.2712,0,Anchor Placement
3884,2073.805066666667,0,Anchor Placement
3885,2074.3389333333334,0,Anchor Placement
3886,2074.8728,0,Anchor Placement
3887,2075.4066666666668,0,Anchor Placement
3888,2075.9405333333334,0,Anchor Placement
3889,2076.4744,0,Anchor Placement
3890,2077.0082666666667,0,Anchor Placement
3891,2077.5421333333334,0,Anchor Placement
3892,2078.076,0,Anchor Placement
3893,2078.6098666666667,0,Anchor Placement
3894,2079.1437333333333,0,Anchor Placement
3895,2079.6776,0,Anchor Placement
3896,2080.2114666666666,0,Anchor Placement
3897,2080.7453333333333,0,Anchor Placement
3898,2081.2792,0,Anchor Placement
3899,2081.813066666667,0,Anchor Placement
3900,2082.3469333333337,0,Anchor Placement
3901,2082.8808000000004,0,Anchor Placement
3902,2083.414666666667,0,Anchor Placement
3903,2083.9485333333337,0,Anchor Placement
3904,2084.4824000000003,0,Anchor Placement
3905,2085.016266666667,0,Anchor Placement
3906,2085.5501333333336,0,Anchor Placement
3907,2086.0840000000003,0,Anchor Placement
3908,2086.617866666667,0,Anchor Placement
3909,2087.1517333333336,0,Anchor Placement
3910,2087.6856000000002,0,Anchor Placement
3911,2088.219466666667,0,Anchor Placement
3912,2088.7533333333336,0,Anchor Placement
3913,2089.2872,0,Anchor Placement
3914,2089.821066666667,0,Anchor Placement
3915,2090.3549333333335,0,Anchor Placement
3916,2090.8888,0,Anchor Placement
3917,2091.422666666667,0,Anchor Placement
3918,2091.9565333333335,0,Anchor Placement
3919,2092.4904,0,Anchor Placement
3920,2093.024266666667,0,Anchor Placement
3921,2093.5581333333334,0,Anchor Placement
3922,2094.092,0,Anchor Placement
3923,2094.6258666666668,0,Anchor Placement
3924,2095.1597333333334,0,Anchor Placement
3925,2095.6936,0,Anchor Placement
3926,2096.2274666666667,0,Anchor Placement
3927,2096.7613333333334,0,Anchor Placement
3928,2097.2952,0,Anchor Placement
3929,2097.8290666666667,0,Anchor Placement
3930,2098.3629333333333,0,Anchor Placement
3931,2098.8968,0,Anchor Placement
3932,2099.4306666666666,0,Anchor Placement
3933,2099.9645333333333,0,Anchor Placement
3934,2100.4984,0,Anchor Placement
3935,2101.032266666667,0,Anchor Placement
3936,2101.5661333333337,0,Anchor Placement
3937,2102.1000000000004,0,Anchor Placement
3938,2102.633866666667,0,Anchor Placement
3939,2103.1677333333337,0,Anchor Placement
3940,2103.7016000000003,0,Anchor Placement
3941,2104.235466666667,0,Anchor Placement
3942,2104.7693333333336,0,Anchor Placement
3943,2105.3032000000003,0,Anchor Placement
3944,2105.837066666667,0,Anchor Placement
3945,2106.3709333333336,0,Anchor Placement
3946,2106.9048000000003,0,Anchor Placement
3947,2107.438666666667,0,Anchor Placement
3948,2107.9725333333336,0,Anchor Placement
3949,2108.5064,0,Anchor Placement
3950,2109.040266666667,0,Anchor Placement
3951,2109.5741333333335,0,Anchor Placement
3952,2110.108,0,Anchor Placement
3953,2110.641866666667,0,Anchor Placement
3954,2111.1757333333335,0,Anchor Placement
3955,2111.7096,0,Anchor Placement
3956,2112.243466666667,0,Anchor Placement
3957,2112.7773333333334,0,Anchor Placement
3958,2113.3112,0,Anchor Placement
3959,2113.8450666666668,0,Anchor Placement
3960,2114.3789333333334,0,Anchor Placement
3961,2114.9128,0,Anchor Placement
3962,2115.4466666666667,0,Anchor Placement
3963,2115.9805333333334,0,Anchor Placement
3964,2116.5144,0,Anchor Placement
3965,2117.0482666666667,0,Anchor Placement
3966,2117.5821333333333,0,Anchor Placement
3967,2118.116,0,Anchor Placement
3968,2118.6498666666666,0,Anchor Placement
3969,2119.1837333333333,0,Anchor Placement
3970,2119.7176,0,Anchor Placement
3971,2120.251466666667,0,Anchor Placement
3972,2120.7853333333337,0,Anchor Placement
3973,2121.3192000000004,0,Anchor Placement
3974,2121.853066666667,0,Anchor Placement
3975,2122.3869333333337,0,Anchor Placement
3976,2122.9208000000003,0,Anchor Placement
3977,2123.454666666667,0,Anchor Placement
3978,2123.9885333333336,0,Anchor Placement
3979,2124.5224000000003,0,Anchor Placement
3980,2125.056266666667,0,Anchor Placement
3981,2125.5901333333336,0,Anchor Placement
3982,2126.1240000000003,0,Anchor Placement
3983,2126.657866666667,0,Anchor Placement
3984,2127.1917333333336,0,Anchor Placement
3985,2127.7256,0,Anchor Placement
3986,2128.259466666667,0,Anchor Placement
3987,2128.7933333333335,0,Anchor Placement
3988,2129.3272,0,Anchor Placement
3989,2129.861066666667,0,Anchor Placement
3990,2130.3949333333335,0,Anchor Placement
3991,2130.9288,0,Anchor Placement
3992,2131.462666666667,0,Anchor Placement
3993,2131.9965333333334,0,Anchor Placement
3994,2132.5304,0,Anchor Placement
3995,2133.0642666666668,0,Anchor Placement
3996,2133.5981333333334,0,Anchor Placement
3997,2134.132,0,Anchor Placement
3998,2134.6658666666667,0,Anchor Placement
3999,2135.1997333333334,0,Anchor Placement
4000,2135.7336,0,Anchor Placement
4001,2136.2674666666667,0,Anchor Placement
4002,2136.8013333333333,0,Anchor Placement
4003,2137.3352,0,Anchor Placement
4004,2137.8690666666666,0,Anchor Placement
4005,2138.4029333333333,0,Anchor Placement
4006,2138.9368,0,Anchor Placement
4007,2139.470666666667,0,Anchor Placement
4008,2140.0045333333337,0,Anchor Placement
4009,2140.5384000000004,0,Anchor Placement
4010,2141.072266666667,0,Anchor Placement
4011,2141.6061333333337,0,Anchor Placement
4012,2142.1400000000003,0,Anchor Placement
4013,2142.673866666667,0,Anchor Placement
4014,2143.2077333333336,0,Anchor Placement
4015,2143.7416000000003,0,Anchor Placement
4016,2144.275466666667,0,Anchor Placement
4017,2144.8093333333336,0,Anchor Placement
4018,2145.3432000000003,0,Anchor Placement
4019,2145.877066666667,0,Anchor Placement
4020,2146.4109333333336,0,Anchor Placement
4021,2146.9448,0,Anchor Placement
4022,2147.478666666667,0,Anchor Placement
4023,2148.0125333333335,0,Anchor Placement
4024,2148.5464,0,Anchor Placement
4025,2149.080266666667,0,Anchor Placement
4026,2149.6141333333335,0,Anchor Placement
4027,2150.148,0,Anchor Placement
4028,2150.681866666667,0,Anchor Placement
4029,2151.2157333333334,0,Anchor Placement
4030,2151.7496,0,Anchor Placement
4031,2152.2834666666668,0,Anchor Placement
4032,2152.8173333333334,0,Anchor Placement
4033,2153.3512,0,Anchor Placement
4034,2153.8850666666667,0,Anchor Placement
4035,2154.4189333333334,0,Anchor Placement
4036,2154.9528,0,Anchor Placement
4037,2155.4866666666667,0,Anchor Placement
4038,2156.0205333333333,0,Anchor Placement
4039,2156.5544,0,Anchor Placement
4040,2157.0882666666666,0,Anchor Placement
4041,2157.6221333333333,0,Anchor Placement
4042,2158.156,0,Anchor Placement
4043,2158.689866666667,0,Anchor Placement
4044,2159.2237333333337,0,Anchor Placement
4045,2159.7576000000004,0,Anchor Placement
4046,2160.291466666667,0,Anchor Placement
4047,2160.8253333333337,0,Anchor Placement
4048,2161.3592000000003,0,Anchor Placement
4049,2161.893066666667,0,Anchor Placement
4050,2162.4269333333336,0,Anchor Placement
4051,2162.9608000000003,0,Anchor Placement
4052,2163.494666666667,0,Anchor Placement
4053,2164.0285333333336,0,Anchor Placement
4054,2164.5624000000003,0,Anchor Placement
4055,2165.096266666667,0,Anchor Placement
4056,2165.6301333333336,0,Anchor Placement
4057,2166.164,0,Anchor Placement
4058,2166.697866666667,0,Anchor Placement
4059,2167.2317333333335,0,Anchor Placement
4060,2167.7656,0,Anchor Placement
4061,2168.299466666667,0,Anchor Placement
4062,2168.8333333333335,0,Anchor Placement
4063,2169.3672,0,Anchor Placement
4064,2169.901066666667,0,Anchor Placement
4065,2170.4349333333334,0,Anchor Placement
4066,2170.9688,0,Anchor Placement
4067,2171.5026666666668,0,Anchor Placement
4068,2172.0365333333334,0,Anchor Placement
4069,2172.5704,0,Anchor Placement
4070,2173.1042666666667,0,Anchor Placement
4071,2173.6381333333334,0,Anchor Placement
4072,2174.172,7,Suture Passage
4073,2174.7058666666667,7,Suture Passage
4074,2175.2397333333333,7,Suture Passage
4075,2175.7736,7,Suture Passage
4076,2176.3074666666666,7,Suture Passage
4077,2176.8413333333333,7,Suture Passage
4078,2177.3752,7,Suture Passage
4079,2177.909066666667,7,Suture Passage
4080,2178.4429333333337,7,Suture Passage
4081,2178.9768000000004,7,Suture Passage
4082,2179.510666666667,7,Suture Passage
4083,2180.0445333333337,7,Suture Passage
4084,2180.5784000000003,7,Suture Passage
4085,2181.112266666667,7,Suture Passage
4086,2181.6461333333336,7,Suture Passage
4087,2182.1800000000003,7,Suture Passage
4088,2182.713866666667,7,Suture Passage
4089,2183.2477333333336,7,Suture Passage
4090,2183.7816000000003,7,Suture Passage
4091,2184.315466666667,7,Suture Passage
4092,2184.8493333333336,7,Suture Passage
4093,2185.3832,7,Suture Passage
4094,2185.917066666667,7,Suture Passage
4095,2186.4509333333335,7,Suture Passage
4096,2186.9848,7,Suture Passage
4097,2187.518666666667,7,Suture Passage
4098,2188.0525333333335,7,Suture Passage
4099,2188.5864,7,Suture Passage
4100,2189.120266666667,7,Suture Passage
4101,2189.6541333333334,7,Suture Passage
4102,2190.188,7,Suture Passage
4103,2190.7218666666668,7,Suture Passage
4104,2191.2557333333334,7,Suture Passage
4105,2191.7896,7,Suture Passage
4106,2192.3234666666667,7,Suture Passage
4107,2192.8573333333334,7,Suture Passage
4108,2193.3912,7,Suture Passage
4109,2193.9250666666667,7,Suture Passage
4110,2194.4589333333333,7,Suture Passage
4111,2194.9928,7,Suture Passage
4112,2195.5266666666666,7,Suture Passage
4113,2196.0605333333333,7,Suture Passage
4114,2196.5944000000004,7,Suture Passage
4115,2197.128266666667,7,Suture Passage
4116,2197.6621333333337,7,Suture Passage
4117,2198.1960000000004,7,Suture Passage
4118,2198.729866666667,7,Suture Passage
4119,2199.2637333333337,7,Suture Passage
4120,2199.7976000000003,7,Suture Passage
4121,2200.331466666667,7,Suture Passage
4122,2200.8653333333336,7,Suture Passage
4123,2201.3992000000003,7,Suture Passage
4124,2201.933066666667,7,Suture Passage
4125,2202.4669333333336,7,Suture Passage
4126,2203.0008000000003,7,Suture Passage
4127,2203.534666666667,7,Suture Passage
4128,2204.0685333333336,7,Suture Passage
4129,2204.6024,7,Suture Passage
4130,2205.136266666667,7,Suture Passage
4131,2205.6701333333335,7,Suture Passage
4132,2206.204,7,Suture Passage
4133,2206.737866666667,7,Suture Passage
4134,2207.2717333333335,7,Suture Passage
4135,2207.8056,7,Suture Passage
4136,2208.339466666667,7,Suture Passage
4137,2208.8733333333334,7,Suture Passage
4138,2209.4072,7,Suture Passage
4139,2209.9410666666668,7,Suture Passage
4140,2210.4749333333334,7,Suture Passage
4141,2211.0088,7,Suture Passage
4142,2211.5426666666667,7,Suture Passage
4143,2212.0765333333334,7,Suture Passage
4144,2212.6104,7,Suture Passage
4145,2213.1442666666667,7,Suture Passage
4146,2213.6781333333333,7,Suture Passage
4147,2214.212,7,Suture Passage
4148,2214.7458666666666,7,Suture Passage
4149,2215.2797333333333,7,Suture Passage
4150,2215.8136000000004,7,Suture Passage
4151,2216.347466666667,7,Suture Passage
4152,2216.8813333333337,7,Suture Passage
4153,2217.4152000000004,7,Suture Passage
4154,2217.949066666667,7,Suture Passage
4155,2218.4829333333337,7,Suture Passage
4156,2219.0168000000003,7,Suture Passage
4157,2219.550666666667,7,Suture Passage
4158,2220.0845333333336,7,Suture Passage
4159,2220.6184000000003,7,Suture Passage
4160,2221.152266666667,7,Suture Passage
4161,2221.6861333333336,7,Suture Passage
4162,2222.2200000000003,7,Suture Passage
4163,2222.753866666667,7,Suture Passage
4164,2223.2877333333336,7,Suture Passage
4165,2223.8216,7,Suture Passage
4166,2224.355466666667,7,Suture Passage
4167,2224.8893333333335,7,Suture Passage
4168,2225.4232,7,Suture Passage
4169,2225.957066666667,7,Suture Passage
4170,2226.4909333333335,7,Suture Passage
4171,2227.0248,7,Suture Passage
4172,2227.558666666667,7,Suture Passage
4173,2228.0925333333334,7,Suture Passage
4174,2228.6264,7,Suture Passage
4175,2229.1602666666668,7,Suture Passage
4176,2229.6941333333334,7,Suture Passage
4177,2230.228,7,Suture Passage
4178,2230.7618666666667,7,Suture Passage
4179,2231.2957333333334,7,Suture Passage
4180,2231.8296,7,Suture Passage
4181,2232.3634666666667,7,Suture Passage
4182,2232.8973333333333,7,Suture Passage
4183,2233.4312,7,Suture Passage
4184,2233.9650666666666,7,Suture Passage
4185,2234.4989333333333,7,Suture Passage
4186,2235.0328000000004,7,Suture Passage
4187,2235.566666666667,7,Suture Passage
4188,2236.1005333333337,7,Suture Passage
4189,2236.6344000000004,7,Suture Passage
4190,2237.168266666667,7,Suture Passage
4191,2237.7021333333337,7,Suture Passage
4192,2238.2360000000003,7,Suture Passage
4193,2238.769866666667,7,Suture Passage
4194,2239.3037333333336,7,Suture Passage
4195,2239.8376000000003,7,Suture Passage
4196,2240.371466666667,7,Suture Passage
4197,2240.9053333333336,7,Suture Passage
4198,2241.4392000000003,7,Suture Passage
4199,2241.973066666667,7,Suture Passage
4200,2242.5069333333336,7,Suture Passage
4201,2243.0408,7,Suture Passage
4202,2243.574666666667,7,Suture Passage
4203,2244.1085333333335,7,Suture Passage
4204,2244.6424,7,Suture Passage
4205,2245.176266666667,7,Suture Passage
4206,2245.7101333333335,7,Suture Passage
4207,2246.244,7,Suture Passage
4208,2246.777866666667,7,Suture Passage
4209,2247.3117333333334,7,Suture Passage
4210,2247.8456,7,Suture Passage
4211,2248.3794666666668,7,Suture Passage
4212,2248.9133333333334,7,Suture Passage
4213,2249.4472,7,Suture Passage
4214,2249.9810666666667,7,Suture Passage
4215,2250.5149333333334,7,Suture Passage
4216,2251.0488,7,Suture Passage
4217,2251.5826666666667,7,Suture Passage
4218,2252.1165333333333,7,Suture Passage
4219,2252.6504,7,Suture Passage
4220,2253.1842666666666,7,Suture Passage
4221,2253.7181333333333,7,Suture Passage
4222,2254.2520000000004,7,Suture Passage
4223,2254.785866666667,7,Suture Passage
4224,2255.3197333333337,7,Suture Passage
4225,2255.8536000000004,7,Suture Passage
4226,2256.387466666667,7,Suture Passage
4227,2256.9213333333337,7,Suture Passage
4228,2257.4552000000003,7,Suture Passage
4229,2257.989066666667,7,Suture Passage
4230,2258.5229333333336,7,Suture Passage
4231,2259.0568000000003,7,Suture Passage
4232,2259.590666666667,7,Suture Passage
4233,2260.1245333333336,7,Suture Passage
4234,2260.6584000000003,7,Suture Passage
4235,2261.192266666667,7,Suture Passage
4236,2261.7261333333336,7,Suture Passage
4237,2262.26,7,Suture Passage
4238,2262.793866666667,7,Suture Passage
4239,2263.3277333333335,7,Suture Passage
4240,2263.8616,7,Suture Passage
4241,2264.395466666667,7,Suture Passage
4242,2264.9293333333335,7,Suture Passage
4243,2265.4632,7,Suture Passage
4244,2265.997066666667,7,Suture Passage
4245,2266.5309333333335,7,Suture Passage
4246,2267.0648,7,Suture Passage
4247,2267.5986666666668,7,Suture Passage
4248,2268.1325333333334,7,Suture Passage
4249,2268.6664,7,Suture Passage
4250,2269.2002666666667,7,Suture Passage
4251,2269.7341333333334,7,Suture Passage
4252,2270.268,7,Suture Passage
4253,2270.8018666666667,7,Suture Passage
4254,2271.3357333333333,7,Suture Passage
4255,2271.8696,7,Suture Passage
4256,2272.4034666666666,7,Suture Passage
4257,2272.9373333333333,7,Suture Passage
4258,2273.4712000000004,7,Suture Passage
4259,2274.005066666667,7,Suture Passage
4260,2274.5389333333337,7,Suture Passage
4261,2275.0728000000004,7,Suture Passage
4262,2275.606666666667,7,Suture Passage
4263,2276.1405333333337,7,Suture Passage
4264,2276.6744000000003,7,Suture Passage
4265,2277.208266666667,7,Suture Passage
4266,2277.7421333333336,7,Suture Passage
4267,2278.2760000000003,7,Suture Passage
4268,2278.809866666667,7,Suture Passage
4269,2279.3437333333336,7,Suture Passage
4270,2279.8776000000003,7,Suture Passage
4271,2280.411466666667,7,Suture Passage
4272,2280.9453333333336,7,Suture Passage
4273,2281.4792,7,Suture Passage
4274,2282.013066666667,7,Suture Passage
4275,2282.5469333333335,7,Suture Passage
4276,2283.0808,7,Suture Passage
4277,2283.614666666667,7,Suture Passage
4278,2284.1485333333335,7,Suture Passage
4279,2284.6824,7,Suture Passage
4280,2285.216266666667,7,Suture Passage
4281,2285.7501333333335,8,Suture Tensioning
4282,2286.284,8,Suture Tensioning
4283,2286.8178666666668,8,Suture Tensioning
4284,2287.3517333333334,8,Suture Tensioning
4285,2287.8856,8,Suture Tensioning
4286,2288.4194666666667,8,Suture Tensioning
4287,2288.9533333333334,8,Suture Tensioning
4288,2289.4872,8,Suture Tensioning
4289,2290.0210666666667,8,Suture Tensioning
4290,2290.5549333333333,8,Suture Tensioning
4291,2291.0888,8,Suture Tensioning
4292,2291.6226666666666,8,Suture Tensioning
4293,2292.1565333333333,8,Suture Tensioning
4294,2292.6904000000004,8,Suture Tensioning
4295,2293.224266666667,8,Suture Tensioning
4296,2293.7581333333337,8,Suture Tensioning
4297,2294.2920000000004,8,Suture Tensioning
4298,2294.825866666667,8,Suture Tensioning
4299,2295.3597333333337,8,Suture Tensioning
4300,2295.8936000000003,8,Suture Tensioning
4301,2296.427466666667,8,Suture Tensioning
4302,2296.9613333333336,8,Suture Tensioning
4303,2297.4952000000003,8,Suture Tensioning
4304,2298.029066666667,8,Suture Tensioning
4305,2298.5629333333336,8,Suture Tensioning
4306,2299.0968000000003,8,Suture Tensioning
4307,2299.630666666667,8,Suture Tensioning
4308,2300.1645333333336,8,Suture Tensioning
4309,2300.6984,8,Suture Tensioning
4310,2301.232266666667,8,Suture Tensioning
4311,2301.7661333333335,8,Suture Tensioning
4312,2302.3,8,Suture Tensioning
4313,2302.833866666667,8,Suture Tensioning
4314,2303.3677333333335,8,Suture Tensioning
4315,2303.9016,8,Suture Tensioning
4316,2304.435466666667,8,Suture Tensioning
4317,2304.9693333333335,8,Suture Tensioning
4318,2305.5032,8,Suture Tensioning
4319,2306.0370666666668,8,Suture Tensioning
4320,2306.5709333333334,8,Suture Tensioning
4321,2307.1048,8,Suture Tensioning
4322,2307.6386666666667,8,Suture Tensioning
4323,2308.1725333333334,8,Suture Tensioning
4324,2308.7064,8,Suture Tensioning
4325,2309.2402666666667,8,Suture Tensioning
4326,2309.7741333333333,8,Suture Tensioning
4327,2310.308,8,Suture Tensioning
4328,2310.8418666666666,8,Suture Tensioning
4329,2311.3757333333333,8,Suture Tensioning
4330,2311.9096000000004,8,Suture Tensioning
4331,2312.443466666667,8,Suture Tensioning
4332,2312.9773333333337,8,Suture Tensioning
4333,2313.5112000000004,8,Suture Tensioning
4334,2314.045066666667,8,Suture Tensioning
4335,2314.5789333333337,8,Suture Tensioning
4336,2315.1128000000003,8,Suture Tensioning
4337,2315.646666666667,8,Suture Tensioning
4338,2316.1805333333336,8,Suture Tensioning
4339,2316.7144000000003,8,Suture Tensioning
4340,2317.248266666667,8,Suture Tensioning
4341,2317.7821333333336,8,Suture Tensioning
4342,2318.3160000000003,8,Suture Tensioning
4343,2318.849866666667,8,Suture Tensioning
4344,2319.3837333333336,8,Suture Tensioning
4345,2319.9176,8,Suture Tensioning
4346,2320.451466666667,8,Suture Tensioning
4347,2320.9853333333335,8,Suture Tensioning
4348,2321.5192,8,Suture Tensioning
4349,2322.053066666667,8,Suture Tensioning
4350,2322.5869333333335,8,Suture Tensioning
4351,2323.1208,8,Suture Tensioning
4352,2323.654666666667,8,Suture Tensioning
4353,2324.1885333333335,8,Suture Tensioning
4354,2324.7224,8,Suture Tensioning
4355,2325.2562666666668,8,Suture Tensioning
4356,2325.7901333333334,8,Suture Tensioning
4357,2326.324,8,Suture Tensioning
4358,2326.8578666666667,8,Suture Tensioning
4359,2327.3917333333334,8,Suture Tensioning
4360,2327.9256,8,Suture Tensioning
4361,2328.4594666666667,8,Suture Tensioning
4362,2328.9933333333333,8,Suture Tensioning
4363,2329.5272,8,Suture Tensioning
4364,2330.0610666666666,8,Suture Tensioning
4365,2330.5949333333333,8,Suture Tensioning
4366,2331.1288000000004,8,Suture Tensioning
4367,2331.662666666667,8,Suture Tensioning
4368,2332.1965333333337,8,Suture Tensioning
4369,2332.7304000000004,8,Suture Tensioning
4370,2333.264266666667,8,Suture Tensioning
4371,2333.7981333333337,8,Suture Tensioning
4372,2334.3320000000003,8,Suture Tensioning
4373,2334.865866666667,8,Suture Tensioning
4374,2335.3997333333336,8,Suture Tensioning
4375,2335.9336000000003,8,Suture Tensioning
4376,2336.467466666667,8,Suture Tensioning
4377,2337.0013333333336,8,Suture Tensioning
4378,2337.5352000000003,8,Suture Tensioning
4379,2338.069066666667,8,Suture Tensioning
4380,2338.6029333333336,8,Suture Tensioning
4381,2339.1368,8,Suture Tensioning
4382,2339.670666666667,8,Suture Tensioning
4383,2340.2045333333335,8,Suture Tensioning
4384,2340.7384,8,Suture Tensioning
4385,2341.272266666667,8,Suture Tensioning
4386,2341.8061333333335,8,Suture Tensioning
4387,2342.34,8,Suture Tensioning
4388,2342.873866666667,8,Suture Tensioning
4389,2343.4077333333335,8,Suture Tensioning
4390,2343.9416,8,Suture Tensioning
4391,2344.4754666666668,8,Suture Tensioning
4392,2345.0093333333334,8,Suture Tensioning
4393,2345.5432,8,Suture Tensioning
4394,2346.0770666666667,8,Suture Tensioning
4395,2346.6109333333334,8,Suture Tensioning
4396,2347.1448,8,Suture Tensioning
4397,2347.6786666666667,8,Suture Tensioning
4398,2348.2125333333333,8,Suture Tensioning
4399,2348.7464,8,Suture Tensioning
4400,2349.2802666666666,8,Suture Tensioning
4401,2349.8141333333333,8,Suture Tensioning
4402,2350.3480000000004,8,Suture Tensioning
4403,2350.881866666667,8,Suture Tensioning
4404,2351.4157333333337,8,Suture Tensioning
4405,2351.9496000000004,8,Suture Tensioning
4406,2352.483466666667,8,Suture Tensioning
4407,2353.0173333333337,8,Suture Tensioning
4408,2353.5512000000003,8,Suture Tensioning
4409,2354.085066666667,8,Suture Tensioning
4410,2354.6189333333336,8,Suture Tensioning
4411,2355.1528000000003,8,Suture Tensioning
4412,2355.686666666667,8,Suture Tensioning
4413,2356.2205333333336,8,Suture Tensioning
4414,2356.7544000000003,8,Suture Tensioning
4415,2357.288266666667,8,Suture Tensioning
4416,2357.8221333333336,8,Suture Tensioning
4417,2358.356,8,Suture Tensioning
4418,2358.889866666667,8,Suture Tensioning
4419,2359.4237333333335,8,Suture Tensioning
4420,2359.9576,8,Suture Tensioning
4421,2360.491466666667,8,Suture Tensioning
4422,2361.0253333333335,0,Anchor Placement
4423,2361.5592,0,Anchor Placement
4424,2362.093066666667,0,Anchor Placement
4425,2362.6269333333335,0,Anchor Placement
4426,2363.1608,0,Anchor Placement
4427,2363.6946666666668,0,Anchor Placement
4428,2364.2285333333334,0,Anchor Placement
4429,2364.7624,0,Anchor Placement
4430,2365.2962666666667,0,Anchor Placement
4431,2365.8301333333334,0,Anchor Placement
4432,2366.364,0,Anchor Placement
4433,2366.8978666666667,0,Anchor Placement
4434,2367.4317333333333,0,Anchor Placement
4435,2367.9656,0,Anchor Placement
4436,2368.4994666666666,0,Anchor Placement
4437,2369.0333333333333,0,Anchor Placement
4438,2369.5672000000004,0,Anchor Placement
4439,2370.101066666667,0,Anchor Placement
4440,2370.6349333333337,0,Anchor Placement
4441,2371.1688000000004,0,Anchor Placement
4442,2371.702666666667,0,Anchor Placement
4443,2372.2365333333337,0,Anchor Placement
4444,2372.7704000000003,0,Anchor Placement
4445,2373.304266666667,7,Suture Passage
4446,2373.8381333333336,7,Suture Passage
4447,2374.3720000000003,7,Suture Passage
4448,2374.905866666667,7,Suture Passage
4449,2375.4397333333336,7,Suture Passage
4450,2375.9736000000003,7,Suture Passage
4451,2376.507466666667,7,Suture Passage
4452,2377.0413333333336,7,Suture Passage
4453,2377.5752,7,Suture Passage
4454,2378.109066666667,7,Suture Passage
4455,2378.6429333333335,7,Suture Passage
4456,2379.1768,7,Suture Passage
4457,2379.710666666667,7,Suture Passage
4458,2380.2445333333335,7,Suture Passage
4459,2380.7784,8,Suture Tensioning
4460,2381.312266666667,8,Suture Tensioning
4461,2381.8461333333335,8,Suture Tensioning
4462,2382.38,8,Suture Tensioning
4463,2382.9138666666668,8,Suture Tensioning
4464,2383.4477333333334,8,Suture Tensioning
4465,2383.9816,8,Suture Tensioning
4466,2384.5154666666667,8,Suture Tensioning
4467,2385.0493333333334,8,Suture Tensioning
4468,2385.5832,8,Suture Tensioning
4469,2386.1170666666667,8,Suture Tensioning
4470,2386.6509333333333,8,Suture Tensioning
4471,2387.1848,8,Suture Tensioning
4472,2387.7186666666666,8,Suture Tensioning
4473,2388.2525333333333,8,Suture Tensioning
4474,2388.7864000000004,8,Suture Tensioning
4475,2389.320266666667,8,Suture Tensioning
4476,2389.8541333333337,8,Suture Tensioning
4477,2390.3880000000004,8,Suture Tensioning
4478,2390.921866666667,8,Suture Tensioning
4479,2391.4557333333337,8,Suture Tensioning
4480,2391.9896000000003,8,Suture Tensioning
4481,2392.523466666667,8,Suture Tensioning
4482,2393.0573333333336,8,Suture Tensioning
4483,2393.5912000000003,8,Suture Tensioning
4484,2394.125066666667,8,Suture Tensioning
4485,2394.6589333333336,8,Suture Tensioning
4486,2395.1928000000003,8,Suture Tensioning
4487,2395.726666666667,8,Suture Tensioning
4488,2396.2605333333336,8,Suture Tensioning
4489,2396.7944,8,Suture Tensioning
4490,2397.328266666667,8,Suture Tensioning
4491,2397.8621333333335,8,Suture Tensioning
4492,2398.396,8,Suture Tensioning
4493,2398.929866666667,8,Suture Tensioning
4494,2399.4637333333335,8,Suture Tensioning
4495,2399.9976,8,Suture Tensioning
4496,2400.531466666667,8,Suture Tensioning
4497,2401.0653333333335,8,Suture Tensioning
4498,2401.5992,8,Suture Tensioning
4499,2402.1330666666668,8,Suture Tensioning
4500,2402.6669333333334,8,Suture Tensioning
4501,2403.2008,8,Suture Tensioning
4502,2403.7346666666667,8,Suture Tensioning
4503,2404.2685333333334,8,Suture Tensioning
4504,2404.8024,8,Suture Tensioning
4505,2405.3362666666667,8,Suture Tensioning
4506,2405.8701333333333,8,Suture Tensioning
4507,2406.404,8,Suture Tensioning
4508,2406.9378666666667,8,Suture Tensioning
4509,2407.4717333333333,8,Suture Tensioning
4510,2408.0056000000004,8,Suture Tensioning
4511,2408.539466666667,8,Suture Tensioning
4512,2409.0733333333337,8,Suture Tensioning
4513,2409.6072000000004,8,Suture Tensioning
4514,2410.141066666667,8,Suture Tensioning
4515,2410.6749333333337,8,Suture Tensioning
4516,2411.2088000000003,8,Suture Tensioning
4517,2411.742666666667,8,Suture Tensioning
4518,2412.2765333333336,8,Suture Tensioning
4519,2412.8104000000003,8,Suture Tensioning
4520,2413.344266666667,8,Suture Tensioning
4521,2413.8781333333336,8,Suture Tensioning
4522,2414.4120000000003,8,Suture Tensioning
4523,2414.945866666667,8,Suture Tensioning
4524,2415.4797333333336,8,Suture Tensioning
4525,2416.0136,8,Suture Tensioning
4526,2416.547466666667,8,Suture Tensioning
4527,2417.0813333333335,8,Suture Tensioning
4528,2417.6152,8,Suture Tensioning
4529,2418.149066666667,8,Suture Tensioning
4530,2418.6829333333335,8,Suture Tensioning
4531,2419.2168,8,Suture Tensioning
4532,2419.750666666667,8,Suture Tensioning
4533,2420.2845333333335,8,Suture Tensioning
4534,2420.8184,8,Suture Tensioning
4535,2421.3522666666668,8,Suture Tensioning
4536,2421.8861333333334,8,Suture Tensioning
4537,2422.42,8,Suture Tensioning
4538,2422.9538666666667,8,Suture Tensioning
4539,2423.4877333333334,8,Suture Tensioning
4540,2424.0216,8,Suture Tensioning
4541,2424.5554666666667,8,Suture Tensioning
4542,2425.0893333333333,8,Suture Tensioning
4543,2425.6232,8,Suture Tensioning
4544,2426.1570666666667,8,Suture Tensioning
4545,2426.6909333333333,8,Suture Tensioning
4546,2427.2248000000004,8,Suture Tensioning
4547,2427.758666666667,8,Suture Tensioning
4548,2428.2925333333337,8,Suture Tensioning
4549,2428.8264000000004,8,Suture Tensioning
4550,2429.360266666667,8,Suture Tensioning
4551,2429.8941333333337,8,Suture Tensioning
4552,2430.4280000000003,8,Suture Tensioning
4553,2430.961866666667,8,Suture Tensioning
4554,2431.4957333333336,8,Suture Tensioning
4555,2432.0296000000003,8,Suture Tensioning
4556,2432.563466666667,8,Suture Tensioning
4557,2433.0973333333336,8,Suture Tensioning
4558,2433.6312000000003,8,Suture Tensioning
4559,2434.165066666667,8,Suture Tensioning
4560,2434.6989333333336,8,Suture Tensioning
4561,2435.2328,8,Suture Tensioning
4562,2435.766666666667,8,Suture Tensioning
4563,2436.3005333333335,8,Suture Tensioning
4564,2436.8344,8,Suture Tensioning
4565,2437.368266666667,8,Suture Tensioning
4566,2437.9021333333335,8,Suture Tensioning
4567,2438.436,8,Suture Tensioning
4568,2438.969866666667,8,Suture Tensioning
4569,2439.5037333333335,8,Suture Tensioning
4570,2440.0376,8,Suture Tensioning
4571,2440.5714666666668,8,Suture Tensioning
4572,2441.1053333333334,8,Suture Tensioning
4573,2441.6392,8,Suture Tensioning
4574,2442.1730666666667,0,Anchor Placement
4575,2442.7069333333334,0,Anchor Placement
4576,2443.2408,0,Anchor Placement
4577,2443.7746666666667,0,Anchor Placement
4578,2444.3085333333333,0,Anchor Placement
4579,2444.8424,8,Suture Tensioning
4580,2445.3762666666667,8,Suture Tensioning
4581,2445.9101333333333,8,Suture Tensioning
4582,2446.4440000000004,8,Suture Tensioning
4583,2446.977866666667,8,Suture Tensioning
4584,2447.5117333333337,8,Suture Tensioning
4585,2448.0456000000004,8,Suture Tensioning
4586,2448.579466666667,8,Suture Tensioning
4587,2449.1133333333337,8,Suture Tensioning
4588,2449.6472000000003,8,Suture Tensioning
4589,2450.181066666667,8,Suture Tensioning
4590,2450.7149333333336,8,Suture Tensioning
4591,2451.2488000000003,8,Suture Tensioning
4592,2451.782666666667,8,Suture Tensioning
4593,2452.3165333333336,8,Suture Tensioning
4594,2452.8504000000003,8,Suture Tensioning
4595,2453.384266666667,8,Suture Tensioning
4596,2453.9181333333336,8,Suture Tensioning
4597,2454.452,8,Suture Tensioning
4598,2454.985866666667,8,Suture Tensioning
4599,2455.5197333333335,8,Suture Tensioning
4600,2456.0536,8,Suture Tensioning
4601,2456.587466666667,8,Suture Tensioning
4602,2457.1213333333335,8,Suture Tensioning
4603,2457.6552,8,Suture Tensioning
4604,2458.189066666667,8,Suture Tensioning
4605,2458.7229333333335,8,Suture Tensioning
4606,2459.2568,0,Anchor Placement
4607,2459.7906666666668,0,Anchor Placement
4608,2460.3245333333334,0,Anchor Placement
4609,2460.8584,0,Anchor Placement
4610,2461.3922666666667,0,Anchor Placement
4611,2461.9261333333334,0,Anchor Placement
4612,2462.46,0,Anchor Placement
4613,2462.9938666666667,0,Anchor Placement
4614,2463.5277333333333,0,Anchor Placement
4615,2464.0616,0,Anchor Placement
4616,2464.5954666666667,0,Anchor Placement
4617,2465.1293333333338,0,Anchor Placement
4618,2465.6632000000004,0,Anchor Placement
4619,2466.197066666667,0,Anchor Placement
4620,2466.7309333333337,0,Anchor Placement
4621,2467.2648000000004,0,Anchor Placement
4622,2467.798666666667,0,Anchor Placement
4623,2468.3325333333337,0,Anchor Placement
4624,2468.8664000000003,0,Anchor Placement
4625,2469.400266666667,0,Anchor Placement
4626,2469.9341333333336,0,Anchor Placement
4627,2470.4680000000003,0,Anchor Placement
4628,2471.001866666667,0,Anchor Placement
4629,2471.5357333333336,0,Anchor Placement
4630,2472.0696000000003,0,Anchor Placement
4631,2472.603466666667,0,Anchor Placement
4632,2473.1373333333336,0,Anchor Placement
4633,2473.6712,0,Anchor Placement
4634,2474.205066666667,0,Anchor Placement
4635,2474.7389333333335,0,Anchor Placement
4636,2475.2728,0,Anchor Placement
4637,2475.806666666667,0,Anchor Placement
4638,2476.3405333333335,0,Anchor Placement
4639,2476.8744,0,Anchor Placement
4640,2477.408266666667,0,Anchor Placement
4641,2477.9421333333335,0,Anchor Placement
4642,2478.476,0,Anchor Placement
4643,2479.0098666666668,0,Anchor Placement
4644,2479.5437333333334,0,Anchor Placement
4645,2480.0776,0,Anchor Placement
4646,2480.6114666666667,0,Anchor Placement
4647,2481.1453333333334,0,Anchor Placement
4648,2481.6792,0,Anchor Placement
4649,2482.2130666666667,0,Anchor Placement
4650,2482.7469333333333,0,Anchor Placement
4651,2483.2808,0,Anchor Placement
4652,2483.8146666666667,0,Anchor Placement
4653,2484.3485333333338,0,Anchor Placement
4654,2484.8824000000004,0,Anchor Placement
4655,2485.416266666667,0,Anchor Placement
4656,2485.9501333333337,0,Anchor Placement
4657,2486.4840000000004,0,Anchor Placement
4658,2487.017866666667,0,Anchor Placement
4659,2487.5517333333337,0,Anchor Placement
4660,2488.0856000000003,0,Anchor Placement
4661,2488.619466666667,0,Anchor Placement
4662,2489.1533333333336,0,Anchor Placement
4663,2489.6872000000003,0,Anchor Placement
4664,2490.221066666667,0,Anchor Placement
4665,2490.7549333333336,0,Anchor Placement
4666,2491.2888000000003,0,Anchor Placement
4667,2491.822666666667,0,Anchor Placement
4668,2492.3565333333336,0,Anchor Placement
4669,2492.8904,0,Anchor Placement
4670,2493.424266666667,0,Anchor Placement
4671,2493.9581333333335,0,Anchor Placement
4672,2494.492,0,Anchor Placement
4673,2495.025866666667,0,Anchor Placement
4674,2495.5597333333335,0,Anchor Placement
4675,2496.0936,0,Anchor Placement
4676,2496.627466666667,0,Anchor Placement
4677,2497.1613333333335,0,Anchor Placement
4678,2497.6952,0,Anchor Placement
4679,2498.2290666666668,0,Anchor Placement
4680,2498.7629333333334,0,Anchor Placement
4681,2499.2968,0,Anchor Placement
4682,2499.8306666666667,0,Anchor Placement
4683,2500.3645333333334,0,Anchor Placement
4684,2500.8984,0,Anchor Placement
4685,2501.4322666666667,0,Anchor Placement
4686,2501.9661333333333,0,Anchor Placement
4687,2502.5,0,Anchor Placement
4688,2503.0338666666667,0,Anchor Placement
4689,2503.5677333333338,0,Anchor Placement
4690,2504.1016000000004,0,Anchor Placement
4691,2504.635466666667,0,Anchor Placement
4692,2505.1693333333337,0,Anchor Placement
4693,2505.7032000000004,0,Anchor Placement
4694,2506.237066666667,0,Anchor Placement
4695,2506.7709333333337,0,Anchor Placement
4696,2507.3048000000003,0,Anchor Placement
4697,2507.838666666667,0,Anchor Placement
4698,2508.3725333333336,0,Anchor Placement
4699,2508.9064000000003,0,Anchor Placement
4700,2509.440266666667,0,Anchor Placement
4701,2509.9741333333336,0,Anchor Placement
4702,2510.5080000000003,0,Anchor Placement
4703,2511.041866666667,0,Anchor Placement
4704,2511.5757333333336,0,Anchor Placement
4705,2512.1096000000002,0,Anchor Placement
4706,2512.643466666667,8,Suture Tensioning
4707,2513.1773333333335,8,Suture Tensioning
4708,2513.7112,8,Suture Tensioning
4709,2514.245066666667,8,Suture Tensioning
4710,2514.7789333333335,8,Suture Tensioning
4711,2515.3128,8,Suture Tensioning
4712,2515.846666666667,8,Suture Tensioning
4713,2516.3805333333335,8,Suture Tensioning
4714,2516.9144,8,Suture Tensioning
4715,2517.4482666666668,8,Suture Tensioning
4716,2517.9821333333334,8,Suture Tensioning
4717,2518.516,8,Suture Tensioning
4718,2519.0498666666667,8,Suture Tensioning
4719,2519.5837333333334,8,Suture Tensioning
4720,2520.1176,8,Suture Tensioning
4721,2520.6514666666667,8,Suture Tensioning
4722,2521.1853333333333,8,Suture Tensioning
4723,2521.7192,8,Suture Tensioning
4724,2522.2530666666667,8,Suture Tensioning
4725,2522.7869333333338,8,Suture Tensioning
4726,2523.3208000000004,8,Suture Tensioning
4727,2523.854666666667,8,Suture Tensioning
4728,2524.3885333333337,8,Suture Tensioning
4729,2524.9224000000004,8,Suture Tensioning
4730,2525.456266666667,8,Suture Tensioning
4731,2525.9901333333337,8,Suture Tensioning
4732,2526.5240000000003,8,Suture Tensioning
4733,2527.057866666667,8,Suture Tensioning
4734,2527.5917333333337,8,Suture Tensioning
4735,2528.1256000000003,8,Suture Tensioning
4736,2528.659466666667,8,Suture Tensioning
4737,2529.1933333333336,8,Suture Tensioning
4738,2529.7272000000003,8,Suture Tensioning
4739,2530.261066666667,8,Suture Tensioning
4740,2530.7949333333336,8,Suture Tensioning
4741,2531.3288000000002,0,Anchor Placement
4742,2531.862666666667,0,Anchor Placement
4743,2532.3965333333335,0,Anchor Placement
4744,2532.9304,0,Anchor Placement
4745,2533.464266666667,0,Anchor Placement
4746,2533.9981333333335,0,Anchor Placement
4747,2534.532,0,Anchor Placement
4748,2535.065866666667,0,Anchor Placement
4749,2535.5997333333335,0,Anchor Placement
4750,2536.1336,0,Anchor Placement
4751,2536.6674666666668,0,Anchor Placement
4752,2537.2013333333334,0,Anchor Placement
4753,2537.7352,0,Anchor Placement
4754,2538.2690666666667,0,Anchor Placement
4755,2538.8029333333334,0,Anchor Placement
4756,2539.3368,0,Anchor Placement
4757,2539.8706666666667,0,Anchor Placement
4758,2540.4045333333333,0,Anchor Placement
4759,2540.9384,0,Anchor Placement
4760,2541.4722666666667,0,Anchor Placement
4761,2542.0061333333338,0,Anchor Placement
4762,2542.5400000000004,0,Anchor Placement
4763,2543.073866666667,0,Anchor Placement
4764,2543.6077333333337,0,Anchor Placement
4765,2544.1416000000004,0,Anchor Placement
4766,2544.675466666667,0,Anchor Placement
4767,2545.2093333333337,0,Anchor Placement
4768,2545.7432000000003,0,Anchor Placement
4769,2546.277066666667,0,Anchor Placement
4770,2546.8109333333337,0,Anchor Placement
4771,2547.3448000000003,0,Anchor Placement
4772,2547.878666666667,0,Anchor Placement
4773,2548.4125333333336,0,Anchor Placement
4774,2548.9464000000003,0,Anchor Placement
4775,2549.480266666667,0,Anchor Placement
4776,2550.0141333333336,0,Anchor Placement
4777,2550.5480000000002,0,Anchor Placement
4778,2551.081866666667,0,Anchor Placement
4779,2551.6157333333335,0,Anchor Placement
4780,2552.1496,0,Anchor Placement
4781,2552.683466666667,0,Anchor Placement
4782,2553.2173333333335,0,Anchor Placement
4783,2553.7512,0,Anchor Placement
4784,2554.285066666667,0,Anchor Placement
4785,2554.8189333333335,0,Anchor Placement
4786,2555.3528,0,Anchor Placement
4787,2555.8866666666668,0,Anchor Placement
4788,2556.4205333333334,0,Anchor Placement
4789,2556.9544,0,Anchor Placement
4790,2557.4882666666667,0,Anchor Placement
4791,2558.0221333333334,0,Anchor Placement
4792,2558.556,0,Anchor Placement
4793,2559.0898666666667,0,Anchor Placement
4794,2559.6237333333333,0,Anchor Placement
4795,2560.1576,0,Anchor Placement
4796,2560.6914666666667,0,Anchor Placement
4797,2561.2253333333338,0,Anchor Placement
4798,2561.7592000000004,0,Anchor Placement
4799,2562.293066666667,0,Anchor Placement
4800,2562.8269333333337,0,Anchor Placement
4801,2563.3608000000004,0,Anchor Placement
4802,2563.894666666667,0,Anchor Placement
4803,2564.4285333333337,0,Anchor Placement
4804,2564.9624000000003,0,Anchor Placement
4805,2565.496266666667,0,Anchor Placement
4806,2566.0301333333337,0,Anchor Placement
4807,2566.5640000000003,0,Anchor Placement
4808,2567.097866666667,0,Anchor Placement
4809,2567.6317333333336,0,Anchor Placement
4810,2568.1656000000003,0,Anchor Placement
4811,2568.699466666667,0,Anchor Placement
4812,2569.2333333333336,0,Anchor Placement
4813,2569.7672000000002,0,Anchor Placement
4814,2570.301066666667,0,Anchor Placement
4815,2570.8349333333335,0,Anchor Placement
4816,2571.3688,0,Anchor Placement
4817,2571.902666666667,0,Anchor Placement
4818,2572.4365333333335,0,Anchor Placement
4819,2572.9704,0,Anchor Placement
4820,2573.504266666667,0,Anchor Placement
4821,2574.0381333333335,0,Anchor Placement
4822,2574.572,0,Anchor Placement
4823,2575.1058666666668,0,Anchor Placement
4824,2575.6397333333334,0,Anchor Placement
4825,2576.1736,0,Anchor Placement
4826,2576.7074666666667,0,Anchor Placement
4827,2577.2413333333334,0,Anchor Placement
4828,2577.7752,0,Anchor Placement
4829,2578.3090666666667,0,Anchor Placement
4830,2578.8429333333333,0,Anchor Placement
4831,2579.3768,0,Anchor Placement
4832,2579.9106666666667,0,Anchor Placement
4833,2580.4445333333338,0,Anchor Placement
4834,2580.9784000000004,0,Anchor Placement
4835,2581.512266666667,0,Anchor Placement
4836,2582.0461333333337,0,Anchor Placement
4837,2582.5800000000004,0,Anchor Placement
4838,2583.113866666667,0,Anchor Placement
4839,2583.6477333333337,0,Anchor Placement
4840,2584.1816000000003,0,Anchor Placement
4841,2584.715466666667,0,Anchor Placement
4842,2585.2493333333337,0,Anchor Placement
4843,2585.7832000000003,0,Anchor Placement
4844,2586.317066666667,0,Anchor Placement
4845,2586.8509333333336,0,Anchor Placement
4846,2587.3848000000003,0,Anchor Placement
4847,2587.918666666667,0,Anchor Placement
4848,2588.4525333333336,0,Anchor Placement
4849,2588.9864000000002,0,Anchor Placement
4850,2589.520266666667,0,Anchor Placement
4851,2590.0541333333335,0,Anchor Placement
4852,2590.588,0,Anchor Placement
4853,2591.121866666667,0,Anchor Placement
4854,2591.6557333333335,0,Anchor Placement
4855,2592.1896,0,Anchor Placement
4856,2592.723466666667,0,Anchor Placement
4857,2593.2573333333335,0,Anchor Placement
4858,2593.7912,0,Anchor Placement
4859,2594.3250666666668,0,Anchor Placement
4860,2594.8589333333334,0,Anchor Placement
4861,2595.3928,0,Anchor Placement
4862,2595.9266666666667,0,Anchor Placement
4863,2596.4605333333334,0,Anchor Placement
4864,2596.9944,0,Anchor Placement
4865,2597.5282666666667,0,Anchor Placement
4866,2598.0621333333333,0,Anchor Placement
4867,2598.596,0,Anchor Placement
4868,2599.1298666666667,0,Anchor Placement
4869,2599.6637333333338,0,Anchor Placement
4870,2600.1976000000004,0,Anchor Placement
4871,2600.731466666667,0,Anchor Placement
4872,2601.2653333333337,0,Anchor Placement
4873,2601.7992000000004,0,Anchor Placement
4874,2602.333066666667,0,Anchor Placement
4875,2602.8669333333337,0,Anchor Placement
4876,2603.4008000000003,0,Anchor Placement
4877,2603.934666666667,0,Anchor Placement
4878,2604.4685333333337,0,Anchor Placement
4879,2605.0024000000003,0,Anchor Placement
4880,2605.536266666667,0,Anchor Placement
4881,2606.0701333333336,0,Anchor Placement
4882,2606.6040000000003,0,Anchor Placement
4883,2607.137866666667,0,Anchor Placement
4884,2607.6717333333336,0,Anchor Placement
4885,2608.2056000000002,0,Anchor Placement
4886,2608.739466666667,0,Anchor Placement
4887,2609.2733333333335,0,Anchor Placement
4888,2609.8072,0,Anchor Placement
4889,2610.341066666667,0,Anchor Placement
4890,2610.8749333333335,0,Anchor Placement
4891,2611.4088,0,Anchor Placement
4892,2611.942666666667,0,Anchor Placement
4893,2612.4765333333335,0,Anchor Placement
4894,2613.0104,0,Anchor Placement
4895,2613.5442666666668,0,Anchor Placement
4896,2614.0781333333334,0,Anchor Placement
4897,2614.612,0,Anchor Placement
4898,2615.1458666666667,0,Anchor Placement
4899,2615.6797333333334,0,Anchor Placement
4900,2616.2136,0,Anchor Placement
4901,2616.7474666666667,0,Anchor Placement
4902,2617.2813333333334,0,Anchor Placement
4903,2617.8152,0,Anchor Placement
4904,2618.3490666666667,0,Anchor Placement
4905,2618.8829333333338,0,Anchor Placement
4906,2619.4168000000004,0,Anchor Placement
4907,2619.950666666667,0,Anchor Placement
4908,2620.4845333333337,0,Anchor Placement
4909,2621.0184000000004,0,Anchor Placement
4910,2621.552266666667,0,Anchor Placement
4911,2622.0861333333337,0,Anchor Placement
4912,2622.6200000000003,0,Anchor Placement
4913,2623.153866666667,0,Anchor Placement
4914,2623.6877333333337,0,Anchor Placement
4915,2624.2216000000003,0,Anchor Placement
4916,2624.755466666667,0,Anchor Placement
4917,2625.2893333333336,0,Anchor Placement
4918,2625.8232000000003,0,Anchor Placement
4919,2626.357066666667,0,Anchor Placement
4920,2626.8909333333336,0,Anchor Placement
4921,2627.4248000000002,0,Anchor Placement
4922,2627.958666666667,0,Anchor Placement
4923,2628.4925333333335,0,Anchor Placement
4924,2629.0264,0,Anchor Placement
4925,2629.560266666667,0,Anchor Placement
4926,2630.0941333333335,0,Anchor Placement
4927,2630.628,0,Anchor Placement
4928,2631.161866666667,0,Anchor Placement
4929,2631.6957333333335,0,Anchor Placement
4930,2632.2296,0,Anchor Placement
4931,2632.763466666667,0,Anchor Placement
4932,2633.2973333333334,0,Anchor Placement
4933,2633.8312,0,Anchor Placement
4934,2634.3650666666667,0,Anchor Placement
4935,2634.8989333333334,0,Anchor Placement
4936,2635.4328,0,Anchor Placement
4937,2635.9666666666667,0,Anchor Placement
4938,2636.5005333333334,0,Anchor Placement
4939,2637.0344,0,Anchor Placement
4940,2637.5682666666667,0,Anchor Placement
4941,2638.1021333333338,0,Anchor Placement
4942,2638.6360000000004,0,Anchor Placement
4943,2639.169866666667,0,Anchor Placement
4944,2639.7037333333337,0,Anchor Placement
4945,2640.2376000000004,0,Anchor Placement
4946,2640.771466666667,0,Anchor Placement
4947,2641.3053333333337,0,Anchor Placement
4948,2641.8392000000003,0,Anchor Placement
4949,2642.373066666667,0,Anchor Placement
4950,2642.9069333333337,0,Anchor Placement
4951,2643.4408000000003,0,Anchor Placement
4952,2643.974666666667,0,Anchor Placement
4953,2644.5085333333336,0,Anchor Placement
4954,2645.0424000000003,0,Anchor Placement
4955,2645.576266666667,0,Anchor Placement
4956,2646.1101333333336,0,Anchor Placement
4957,2646.6440000000002,0,Anchor Placement
4958,2647.177866666667,0,Anchor Placement
4959,2647.7117333333335,0,Anchor Placement
4960,2648.2456,0,Anchor Placement
4961,2648.779466666667,0,Anchor Placement
4962,2649.3133333333335,0,Anchor Placement
4963,2649.8472,0,Anchor Placement
4964,2650.381066666667,0,Anchor Placement
4965,2650.9149333333335,0,Anchor Placement
4966,2651.4488,0,Anchor Placement
4967,2651.982666666667,0,Anchor Placement
4968,2652.5165333333334,0,Anchor Placement
4969,2653.0504,0,Anchor Placement
4970,2653.5842666666667,0,Anchor Placement
4971,2654.1181333333334,0,Anchor Placement
4972,2654.652,0,Anchor Placement
4973,2655.1858666666667,0,Anchor Placement
4974,2655.7197333333334,0,Anchor Placement
4975,2656.2536,0,Anchor Placement
4976,2656.7874666666667,0,Anchor Placement
4977,2657.3213333333338,0,Anchor Placement
4978,2657.8552000000004,0,Anchor Placement
4979,2658.389066666667,0,Anchor Placement
4980,2658.9229333333337,0,Anchor Placement
4981,2659.4568000000004,0,Anchor Placement
4982,2659.990666666667,0,Anchor Placement
4983,2660.5245333333337,0,Anchor Placement
4984,2661.0584000000003,0,Anchor Placement
4985,2661.592266666667,0,Anchor Placement
4986,2662.1261333333337,0,Anchor Placement
4987,2662.6600000000003,0,Anchor Placement
4988,2663.193866666667,0,Anchor Placement
4989,2663.7277333333336,0,Anchor Placement
4990,2664.2616000000003,0,Anchor Placement
4991,2664.795466666667,0,Anchor Placement
4992,2665.3293333333336,0,Anchor Placement
4993,2665.8632000000002,0,Anchor Placement
4994,2666.397066666667,0,Anchor Placement
4995,2666.9309333333335,0,Anchor Placement
4996,2667.4648,0,Anchor Placement
4997,2667.998666666667,0,Anchor Placement
4998,2668.5325333333335,0,Anchor Placement
4999,2669.0664,0,Anchor Placement
5000,2669.600266666667,0,Anchor Placement
5001,2670.1341333333335,0,Anchor Placement
5002,2670.668,0,Anchor Placement
5003,2671.201866666667,0,Anchor Placement
5004,2671.7357333333334,0,Anchor Placement
5005,2672.2696,0,Anchor Placement
5006,2672.8034666666667,0,Anchor Placement
5007,2673.3373333333334,0,Anchor Placement
5008,2673.8712,0,Anchor Placement
5009,2674.4050666666667,0,Anchor Placement
5010,2674.9389333333334,0,Anchor Placement
5011,2675.4728,0,Anchor Placement
5012,2676.0066666666667,0,Anchor Placement
5013,2676.5405333333338,0,Anchor Placement
5014,2677.0744000000004,0,Anchor Placement
5015,2677.608266666667,0,Anchor Placement
5016,2678.1421333333337,0,Anchor Placement
5017,2678.6760000000004,0,Anchor Placement
5018,2679.209866666667,0,Anchor Placement
5019,2679.7437333333337,0,Anchor Placement
5020,2680.2776000000003,0,Anchor Placement
5021,2680.811466666667,0,Anchor Placement
5022,2681.3453333333337,0,Anchor Placement
5023,2681.8792000000003,0,Anchor Placement
5024,2682.413066666667,0,Anchor Placement
5025,2682.9469333333336,0,Anchor Placement
5026,2683.4808000000003,0,Anchor Placement
5027,2684.014666666667,0,Anchor Placement
5028,2684.5485333333336,0,Anchor Placement
5029,2685.0824000000002,0,Anchor Placement
5030,2685.616266666667,0,Anchor Placement
5031,2686.1501333333335,0,Anchor Placement
5032,2686.684,0,Anchor Placement
5033,2687.217866666667,0,Anchor Placement
5034,2687.7517333333335,0,Anchor Placement
5035,2688.2856,0,Anchor Placement
5036,2688.819466666667,0,Anchor Placement
5037,2689.3533333333335,0,Anchor Placement
5038,2689.8872,0,Anchor Placement
5039,2690.421066666667,0,Anchor Placement
5040,2690.9549333333334,0,Anchor Placement
5041,2691.4888,0,Anchor Placement
5042,2692.0226666666667,0,Anchor Placement
5043,2692.5565333333334,0,Anchor Placement
5044,2693.0904,0,Anchor Placement
5045,2693.6242666666667,0,Anchor Placement
5046,2694.1581333333334,0,Anchor Placement
5047,2694.692,0,Anchor Placement
5048,2695.2258666666667,0,Anchor Placement
5049,2695.7597333333338,0,Anchor Placement
5050,2696.2936000000004,0,Anchor Placement
5051,2696.827466666667,0,Anchor Placement
5052,2697.3613333333337,0,Anchor Placement
5053,2697.8952000000004,0,Anchor Placement
5054,2698.429066666667,0,Anchor Placement
5055,2698.9629333333337,0,Anchor Placement
5056,2699.4968000000003,0,Anchor Placement
5057,2700.030666666667,0,Anchor Placement
5058,2700.5645333333337,0,Anchor Placement
5059,2701.0984000000003,0,Anchor Placement
5060,2701.632266666667,0,Anchor Placement
5061,2702.1661333333336,0,Anchor Placement
5062,2702.7000000000003,0,Anchor Placement
5063,2703.233866666667,0,Anchor Placement
5064,2703.7677333333336,0,Anchor Placement
5065,2704.3016000000002,0,Anchor Placement
5066,2704.835466666667,0,Anchor Placement
5067,2705.3693333333335,0,Anchor Placement
5068,2705.9032,0,Anchor Placement
5069,2706.437066666667,0,Anchor Placement
5070,2706.9709333333335,0,Anchor Placement
5071,2707.5048,0,Anchor Placement
5072,2708.038666666667,0,Anchor Placement
5073,2708.5725333333335,0,Anchor Placement
5074,2709.1064,0,Anchor Placement
5075,2709.640266666667,0,Anchor Placement
5076,2710.1741333333334,0,Anchor Placement
5077,2710.708,0,Anchor Placement
5078,2711.2418666666667,0,Anchor Placement
5079,2711.7757333333334,0,Anchor Placement
5080,2712.3096,0,Anchor Placement
5081,2712.8434666666667,0,Anchor Placement
5082,2713.3773333333334,0,Anchor Placement
5083,2713.9112,0,Anchor Placement
5084,2714.4450666666667,0,Anchor Placement
5085,2714.9789333333338,0,Anchor Placement
5086,2715.5128000000004,0,Anchor Placement
5087,2716.046666666667,0,Anchor Placement
5088,2716.5805333333337,0,Anchor Placement
5089,2717.1144000000004,0,Anchor Placement
5090,2717.648266666667,0,Anchor Placement
5091,2718.1821333333337,0,Anchor Placement
5092,2718.7160000000003,0,Anchor Placement
5093,2719.249866666667,0,Anchor Placement
5094,2719.7837333333337,0,Anchor Placement
5095,2720.3176000000003,0,Anchor Placement
5096,2720.851466666667,0,Anchor Placement
5097,2721.3853333333336,0,Anchor Placement
5098,2721.9192000000003,0,Anchor Placement
5099,2722.453066666667,0,Anchor Placement
5100,2722.9869333333336,0,Anchor Placement
5101,2723.5208000000002,0,Anchor Placement
5102,2724.054666666667,0,Anchor Placement
5103,2724.5885333333335,0,Anchor Placement
5104,2725.1224,0,Anchor Placement
5105,2725.656266666667,0,Anchor Placement
5106,2726.1901333333335,0,Anchor Placement
5107,2726.724,0,Anchor Placement
5108,2727.257866666667,0,Anchor Placement
5109,2727.7917333333335,0,Anchor Placement
5110,2728.3256,0,Anchor Placement
5111,2728.859466666667,0,Anchor Placement
5112,2729.3933333333334,0,Anchor Placement
5113,2729.9272,0,Anchor Placement
5114,2730.4610666666667,0,Anchor Placement
5115,2730.9949333333334,0,Anchor Placement
5116,2731.5288,0,Anchor Placement
5117,2732.0626666666667,0,Anchor Placement
5118,2732.5965333333334,0,Anchor Placement
5119,2733.1304,0,Anchor Placement
5120,2733.6642666666667,0,Anchor Placement
5121,2734.1981333333338,0,Anchor Placement
5122,2734.7320000000004,0,Anchor Placement
5123,2735.265866666667,0,Anchor Placement
5124,2735.7997333333337,0,Anchor Placement
5125,2736.3336000000004,0,Anchor Placement
5126,2736.867466666667,0,Anchor Placement
5127,2737.4013333333337,0,Anchor Placement
5128,2737.9352000000003,0,Anchor Placement
5129,2738.469066666667,0,Anchor Placement
5130,2739.0029333333337,0,Anchor Placement
5131,2739.5368000000003,0,Anchor Placement
5132,2740.070666666667,0,Anchor Placement
5133,2740.6045333333336,0,Anchor Placement
5134,2741.1384000000003,0,Anchor Placement
5135,2741.672266666667,0,Anchor Placement
5136,2742.2061333333336,0,Anchor Placement
5137,2742.7400000000002,0,Anchor Placement
5138,2743.273866666667,0,Anchor Placement
5139,2743.8077333333335,0,Anchor Placement
5140,2744.3416,0,Anchor Placement
5141,2744.875466666667,0,Anchor Placement
5142,2745.4093333333335,0,Anchor Placement
5143,2745.9432,0,Anchor Placement
5144,2746.477066666667,0,Anchor Placement
5145,2747.0109333333335,0,Anchor Placement
5146,2747.5448,0,Anchor Placement
5147,2748.078666666667,0,Anchor Placement
5148,2748.6125333333334,0,Anchor Placement
5149,2749.1464,0,Anchor Placement
5150,2749.6802666666667,0,Anchor Placement
5151,2750.2141333333334,0,Anchor Placement
5152,2750.748,0,Anchor Placement
5153,2751.2818666666667,0,Anchor Placement
5154,2751.8157333333334,0,Anchor Placement
5155,2752.3496,0,Anchor Placement
5156,2752.883466666667,0,Anchor Placement
5157,2753.4173333333338,0,Anchor Placement
5158,2753.9512000000004,0,Anchor Placement
5159,2754.485066666667,0,Anchor Placement
5160,2755.0189333333337,0,Anchor Placement
5161,2755.5528000000004,0,Anchor Placement
5162,2756.086666666667,0,Anchor Placement
5163,2756.6205333333337,0,Anchor Placement
5164,2757.1544000000004,0,Anchor Placement
5165,2757.688266666667,0,Anchor Placement
5166,2758.2221333333337,0,Anchor Placement
5167,2758.7560000000003,0,Anchor Placement
5168,2759.289866666667,0,Anchor Placement
5169,2759.8237333333336,0,Anchor Placement
5170,2760.3576000000003,0,Anchor Placement
5171,2760.891466666667,0,Anchor Placement
5172,2761.4253333333336,0,Anchor Placement
5173,2761.9592000000002,0,Anchor Placement
5174,2762.493066666667,0,Anchor Placement
5175,2763.0269333333335,0,Anchor Placement
5176,2763.5608,0,Anchor Placement
5177,2764.094666666667,0,Anchor Placement
5178,2764.6285333333335,0,Anchor Placement
5179,2765.1624,0,Anchor Placement
5180,2765.696266666667,0,Anchor Placement
5181,2766.2301333333335,0,Anchor Placement
5182,2766.764,0,Anchor Placement
5183,2767.297866666667,0,Anchor Placement
5184,2767.8317333333334,0,Anchor Placement
5185,2768.3656,0,Anchor Placement
5186,2768.8994666666667,0,Anchor Placement
5187,2769.4333333333334,0,Anchor Placement
5188,2769.9672,0,Anchor Placement
5189,2770.5010666666667,0,Anchor Placement
5190,2771.0349333333334,0,Anchor Placement
5191,2771.5688,0,Anchor Placement
5192,2772.102666666667,0,Anchor Placement
5193,2772.636533333334,0,Anchor Placement
5194,2773.1704000000004,0,Anchor Placement
5195,2773.704266666667,0,Anchor Placement
5196,2774.2381333333337,0,Anchor Placement
5197,2774.7720000000004,0,Anchor Placement
5198,2775.305866666667,0,Anchor Placement
5199,2775.8397333333337,0,Anchor Placement
5200,2776.3736000000004,0,Anchor Placement
5201,2776.907466666667,0,Anchor Placement
5202,2777.4413333333337,0,Anchor Placement
5203,2777.9752000000003,0,Anchor Placement
5204,2778.509066666667,0,Anchor Placement
5205,2779.0429333333336,0,Anchor Placement
5206,2779.5768000000003,0,Anchor Placement
5207,2780.110666666667,0,Anchor Placement
5208,2780.6445333333336,0,Anchor Placement
5209,2781.1784000000002,0,Anchor Placement
5210,2781.712266666667,0,Anchor Placement
5211,2782.2461333333335,0,Anchor Placement
5212,2782.78,0,Anchor Placement
5213,2783.313866666667,0,Anchor Placement
5214,2783.8477333333335,0,Anchor Placement
5215,2784.3816,0,Anchor Placement
5216,2784.915466666667,0,Anchor Placement
5217,2785.4493333333335,0,Anchor Placement
5218,2785.9832,0,Anchor Placement
5219,2786.517066666667,0,Anchor Placement
5220,2787.0509333333334,0,Anchor Placement
5221,2787.5848,0,Anchor Placement
5222,2788.1186666666667,0,Anchor Placement
5223,2788.6525333333334,0,Anchor Placement
5224,2789.1864,0,Anchor Placement
5225,2789.7202666666667,0,Anchor Placement
5226,2790.2541333333334,0,Anchor Placement
5227,2790.788,0,Anchor Placement
5228,2791.321866666667,0,Anchor Placement
5229,2791.855733333334,0,Anchor Placement
5230,2792.3896000000004,0,Anchor Placement
5231,2792.923466666667,0,Anchor Placement
5232,2793.4573333333337,0,Anchor Placement
5233,2793.9912000000004,0,Anchor Placement
5234,2794.525066666667,0,Anchor Placement
5235,2795.0589333333337,0,Anchor Placement
5236,2795.5928000000004,0,Anchor Placement
5237,2796.126666666667,0,Anchor Placement
5238,2796.6605333333337,0,Anchor Placement
5239,2797.1944000000003,0,Anchor Placement
5240,2797.728266666667,0,Anchor Placement
5241,2798.2621333333336,0,Anchor Placement
5242,2798.7960000000003,0,Anchor Placement
5243,2799.329866666667,0,Anchor Placement
5244,2799.8637333333336,2,Final Inspection
5245,2800.3976000000002,2,Final Inspection
5246,2800.931466666667,2,Final Inspection
5247,2801.4653333333335,2,Final Inspection
5248,2801.9992,2,Final Inspection
5249,2802.533066666667,2,Final Inspection
5250,2803.0669333333335,2,Final Inspection
5251,2803.6008,2,Final Inspection
5252,2804.134666666667,2,Final Inspection
5253,2804.6685333333335,2,Final Inspection
5254,2805.2024,2,Final Inspection
5255,2805.736266666667,2,Final Inspection
5256,2806.2701333333334,2,Final Inspection
5257,2806.804,2,Final Inspection
5258,2807.3378666666667,2,Final Inspection
5259,2807.8717333333334,2,Final Inspection
5260,2808.4056,2,Final Inspection
5261,2808.9394666666667,2,Final Inspection
5262,2809.4733333333334,2,Final Inspection
5263,2810.0072,2,Final Inspection
5264,2810.541066666667,2,Final Inspection
5265,2811.074933333334,2,Final Inspection
5266,2811.6088000000004,2,Final Inspection
5267,2812.142666666667,2,Final Inspection
5268,2812.6765333333337,2,Final Inspection
5269,2813.2104000000004,2,Final Inspection
5270,2813.744266666667,2,Final Inspection
5271,2814.2781333333337,2,Final Inspection
5272,2814.8120000000004,2,Final Inspection
5273,2815.345866666667,2,Final Inspection
5274,2815.8797333333337,2,Final Inspection
5275,2816.4136000000003,2,Final Inspection
5276,2816.947466666667,2,Final Inspection
5277,2817.4813333333336,2,Final Inspection
5278,2818.0152000000003,2,Final Inspection
5279,2818.549066666667,2,Final Inspection
5280,2819.0829333333336,2,Final Inspection
5281,2819.6168000000002,2,Final Inspection
5282,2820.150666666667,2,Final Inspection
5283,2820.6845333333335,2,Final Inspection
5284,2821.2184,2,Final Inspection
5285,2821.752266666667,2,Final Inspection
5286,2822.2861333333335,2,Final Inspection
5287,2822.82,2,Final Inspection
5288,2823.353866666667,2,Final Inspection
5289,2823.8877333333335,2,Final Inspection
